Fecha,Hora,DAM,RTM
26/01/2024,1,12.93,10.39
26/01/2024,2,13.29,18.08
26/01/2024,3,12.7,19.11
26/01/2024,4,14.37,19.64
26/01/2024,5,15.25,20.01
26/01/2024,6,21.15,21.57
26/01/2024,7,30.13,31.91
26/01/2024,8,37.56,36.62
26/01/2024,9,22.09,56.94
26/01/2024,10,19.98,39.15
26/01/2024,11,19.55,27.81
26/01/2024,12,18.63,26.45
26/01/2024,13,17.91,23.37
26/01/2024,14,17.29,22.71
26/01/2024,15,17.36,20.14
26/01/2024,16,17.6,21.11
26/01/2024,17,19.03,22.31
26/01/2024,18,35.17,35.17
26/01/2024,19,31.42,42.42
26/01/2024,20,25.89,30.06
26/01/2024,21,26.28,26.86
26/01/2024,22,23.33,21.44
26/01/2024,23,21.54,22.03
26/01/2024,24,18.46,22.17
27/01/2024,1,17.77,20.86
27/01/2024,2,15.2,20.29
27/01/2024,3,10.66,16.32
27/01/2024,4,4.02,16.68
27/01/2024,5,-26.94,18.89
27/01/2024,6,-32.29,2.93
27/01/2024,7,-34.71,-43.27
27/01/2024,8,-38.93,-48.19
27/01/2024,9,-37.11,-32.29
27/01/2024,10,-32.02,-33.7
27/01/2024,11,-27.24,-33.47
27/01/2024,12,-26.84,-33.49
27/01/2024,13,-29.61,-33.47
27/01/2024,14,-27.85,-34.32
27/01/2024,15,-27.89,-34.69
27/01/2024,16,-24.7,-34.76
27/01/2024,17,-17,-34.76
27/01/2024,18,9.7,-14.5
27/01/2024,19,20.5,2.52
27/01/2024,20,23.13,18.42
27/01/2024,21,28.07,50.47
27/01/2024,22,27.68,40.85
27/01/2024,23,23.09,41.56
27/01/2024,24,21.86,39.31
28/01/2024,1,23.6,38.28
28/01/2024,2,20.11,37.27
28/01/2024,3,19.21,35.99
28/01/2024,4,17.38,33.38
28/01/2024,5,20.65,31.4
28/01/2024,6,23.95,29.7
28/01/2024,7,38.33,27.67
28/01/2024,8,41.71,38.42
28/01/2024,9,29.81,16.88
28/01/2024,10,19.21,11.47
28/01/2024,11,16.29,11.19
28/01/2024,12,18.47,11.17
28/01/2024,13,16.19,8.09
28/01/2024,14,15.22,2.99
28/01/2024,15,14.78,0.31
28/01/2024,16,15.18,0.01
28/01/2024,17,17.18,5.88
28/01/2024,18,38.75,28.2
28/01/2024,19,41.82,25.61
28/01/2024,20,36.91,23.2
28/01/2024,21,31.7,21.47
28/01/2024,22,29.08,20.46
28/01/2024,23,22.33,18.35
28/01/2024,24,18.41,14.9
21/02/2024,14,-0.57,-1.21
21/02/2024,15,-0.76,-2.17
21/02/2024,16,-0.23,-2.15
21/02/2024,17,0.86,-0.51
21/02/2024,18,-5.23,11.35
21/02/2024,19,-3.17,18.57
21/02/2024,20,-5.9,17.26
21/02/2024,21,-9.81,13.04
21/02/2024,22,-20,9.45
21/02/2024,23,-14.26,-0.14
21/02/2024,24,-14.2,-3.47
22/02/2024,1,-15.35,6.36
22/02/2024,2,-18.16,7.27
22/02/2024,3,-18.34,20.75
22/02/2024,4,-16.76,14.34
22/02/2024,5,-13.42,11.15
22/02/2024,6,-3.08,20.07
22/02/2024,7,13.62,34.29
22/02/2024,8,17.97,16.72
22/02/2024,9,10.92,266.58
22/02/2024,10,9.98,39.54
22/02/2024,11,9.75,21.92
22/02/2024,12,10.35,16.84
22/02/2024,13,11.78,10.79
22/02/2024,14,14.82,10.73
22/02/2024,15,29.28,10.02
22/02/2024,16,30.05,8.8
22/02/2024,17,29.78,13.01
22/02/2024,18,33,30.14
22/02/2024,19,51.67,67.17
22/02/2024,20,23.67,32.78
22/02/2024,21,17.75,26.54
22/02/2024,22,15.11,20.64
22/02/2024,23,13.3,13.43
22/02/2024,24,15.09,11.25
23/02/2024,1,11.06,10.27
23/02/2024,2,11.17,10.99
23/02/2024,3,10.53,10.48
23/02/2024,4,9.07,9.6
23/02/2024,5,4.14,9.44
23/02/2024,6,-10.69,-18.33
23/02/2024,7,-8.18,-41.58
23/02/2024,8,-8.06,-22.59
23/02/2024,9,-6.11,-2.36
23/02/2024,10,1.96,-4.54
23/02/2024,11,4.05,4.43
23/02/2024,12,6.76,6.62
23/02/2024,13,15.98,8.71
23/02/2024,14,13.96,9.57
23/02/2024,15,11.71,9.79
23/02/2024,16,12.63,9.96
23/02/2024,17,14.17,20.34
23/02/2024,18,40.03,56.65
23/02/2024,19,62.17,49.94
23/02/2024,20,47.98,25.25
23/02/2024,21,35,27.28
23/02/2024,22,30,29.02
23/02/2024,23,16.13,24.75
23/02/2024,24,15.1,22.57
24/02/2024,1,17.93,26.49
24/02/2024,2,15.56,24.3
24/02/2024,3,14.94,23.71
24/02/2024,4,13.55,20.94
24/02/2024,5,14.11,17.83
24/02/2024,6,15.28,17.59
24/02/2024,7,20.11,18.61
24/02/2024,8,18.02,12.1
24/02/2024,9,11.36,2.41
24/02/2024,10,9.27,5.13
24/02/2024,11,9.06,0
24/02/2024,12,8,0.03
24/02/2024,13,8.04,0
24/02/2024,14,7.45,0
24/02/2024,15,9.43,0
24/02/2024,16,6.97,0
24/02/2024,17,2.63,0
24/02/2024,18,11.84,-2.37
24/02/2024,19,8.96,-12.41
24/02/2024,20,1.19,-2.2
24/02/2024,21,-3.78,-7.48
24/02/2024,22,-4.03,-13.79
24/02/2024,23,-7.8,-24.9
24/02/2024,24,-4.89,-26.39
19/03/2024,15,6.97,2.68
19/03/2024,16,8.29,6.01
19/03/2024,17,8.98,10.35
19/03/2024,18,11.72,14.12
19/03/2024,19,20.31,17.89
19/03/2024,20,45.59,54.42
19/03/2024,21,22.64,26.09
19/03/2024,22,15.7,115.72
19/03/2024,23,14.22,548.01
19/03/2024,24,12.69,490.49
20/03/2024,1,15.3,377.28
20/03/2024,2,12.44,88.63
20/03/2024,3,12.7,85.66
20/03/2024,4,13.88,22.1
20/03/2024,5,15.63,19.58
20/03/2024,6,19.69,19.11
20/03/2024,7,37.8,54.77
20/03/2024,8,40.31,59.31
20/03/2024,9,34.47,55.05
20/03/2024,10,24.14,20.98
20/03/2024,11,17.85,18.25
20/03/2024,12,17.85,16.6
20/03/2024,13,15.7,15.89
20/03/2024,14,11.59,12.89
20/03/2024,15,10.3,15.3
20/03/2024,16,15.32,17.24
20/03/2024,17,15.78,15.76
20/03/2024,18,15.09,19.62
20/03/2024,19,13.1,25.22
20/03/2024,20,39.12,39.13
20/03/2024,21,2.14,33.87
20/03/2024,22,-8.36,23.54
20/03/2024,23,2.62,17.41
20/03/2024,24,3.32,17.37
21/03/2024,1,13.85,16.93
21/03/2024,2,13.07,18.89
21/03/2024,3,13.91,25.59
21/03/2024,4,17.77,23.73
21/03/2024,5,19.45,28.94
21/03/2024,6,24.7,46.12
21/03/2024,7,43.31,82.21
21/03/2024,8,51.26,72.12
21/03/2024,9,54.16,44.52
21/03/2024,10,35.02,37.03
21/03/2024,11,27.51,22.31
21/03/2024,12,25.55,20.4
21/03/2024,13,21.99,21.53
21/03/2024,14,21.17,19.81
21/03/2024,15,23.79,19.08
21/03/2024,16,25.72,20.37
21/03/2024,17,25.36,16.65
21/03/2024,18,30.74,14.57
21/03/2024,19,48.48,31.23
21/03/2024,20,126.6,70.6
21/03/2024,21,127.05,59.89
21/03/2024,22,80.89,74.69
21/03/2024,23,49.15,59.82
21/03/2024,24,39.96,41.34
22/03/2024,1,38.74,34.33
22/03/2024,2,32.6,24.17
22/03/2024,3,27.57,23.24
22/03/2024,4,23.92,31.34
22/03/2024,5,20.64,36.17
22/03/2024,6,21.82,31.4
22/03/2024,7,58.38,54.2
22/03/2024,8,47.09,117.98
22/03/2024,9,29.76,21.32
22/03/2024,10,17.62,16.12
22/03/2024,11,14.32,13.8
22/03/2024,12,12.78,11.75
22/03/2024,13,9.34,6.38
22/03/2024,14,7.08,0.09
22/03/2024,15,3.59,-1.24
22/03/2024,16,-0.2,-1.49
22/03/2024,17,1.05,-0.1
22/03/2024,18,7.86,1.42
22/03/2024,19,24.77,12.9
22/03/2024,20,68.3,30.02
22/03/2024,21,29.43,20.93
22/03/2024,22,-1.88,4.15
22/03/2024,23,-17.34,-59.17
22/03/2024,24,-43.3,-43.46
15/04/2024,14,1.68,21.77
15/04/2024,15,-0.97,22.89
15/04/2024,16,-2.84,27.88
15/04/2024,17,-0.54,39.73
15/04/2024,18,-1,7.8
15/04/2024,19,-5.4,-15.25
15/04/2024,20,-21.79,-50.55
15/04/2024,21,-29.61,-61.45
15/04/2024,22,-25.56,-51.56
15/04/2024,23,-26.39,-54.8
15/04/2024,24,-19.34,-54.53
16/04/2024,1,-43.59,-59.5
16/04/2024,2,-39.1,-59.51
16/04/2024,3,-38.89,-64.58
16/04/2024,4,-38.65,-63.82
16/04/2024,5,-30.98,-60.37
16/04/2024,6,-21.15,-52.47
16/04/2024,7,-7.9,-58.87
16/04/2024,8,5,-19.11
16/04/2024,9,10.25,15.18
16/04/2024,10,8.34,10.01
16/04/2024,11,9.72,11.63
16/04/2024,12,12.37,19.44
16/04/2024,13,16.9,29.31
16/04/2024,14,21.46,42.28
16/04/2024,15,25.44,57.32
16/04/2024,16,32.18,44.92
16/04/2024,17,43.74,24.58
16/04/2024,18,52.5,40.19
16/04/2024,19,76.6,94.04
16/04/2024,20,194.07,644.51
16/04/2024,21,29.16,513.34
16/04/2024,22,-12.01,76.9
16/04/2024,23,-24.38,96.09
16/04/2024,24,-21.14,48.38
17/04/2024,1,-19.57,22.81
17/04/2024,2,-6.09,18.01
17/04/2024,3,1.96,15.06
17/04/2024,4,-0.71,12.26
17/04/2024,5,4.68,13.09
17/04/2024,6,10.91,13.62
17/04/2024,7,18.15,20.29
17/04/2024,8,21.74,16.93
17/04/2024,9,23.74,15.46
17/04/2024,10,24.04,17.02
17/04/2024,11,26.56,-26.44
17/04/2024,12,29.2,17.94
17/04/2024,13,34.15,18.68
17/04/2024,14,54.81,19.05
17/04/2024,15,61.48,18.64
17/04/2024,16,76.22,22.6
17/04/2024,17,117.72,27.89
17/04/2024,18,132.32,21.18
17/04/2024,19,83.43,17.24
17/04/2024,20,87.59,0.56
17/04/2024,21,19.1,-55.7
17/04/2024,22,-38.71,-23.2
17/04/2024,23,-17.82,4.22
17/04/2024,24,-16.17,8.43
18/04/2024,1,4.51,9.31
18/04/2024,2,0.91,6.72
18/04/2024,3,-1.75,7.71
18/04/2024,4,0.37,7.39
18/04/2024,5,1.16,5.57
18/04/2024,6,8.09,6.7
18/04/2024,7,16.88,12.98
18/04/2024,8,17.87,13.49
18/04/2024,9,16.18,12.01
18/04/2024,10,13.22,12.38
18/04/2024,11,13.91,11.63
18/04/2024,12,17.28,13.7
18/04/2024,13,21.4,18.03
18/04/2024,14,28.11,28.18
18/04/2024,15,36.28,36.63
18/04/2024,16,42.28,17.41
18/04/2024,17,44.58,20.99
18/04/2024,18,30.41,20.37
18/04/2024,19,18.15,22
18/04/2024,20,-8.62,21.2
18/04/2024,21,1.66,-11.26
18/04/2024,22,2.3,-23.16
18/04/2024,23,6.28,14.91
18/04/2024,24,2.1,14.63
12/05/2024,14,17.76,29.77
12/05/2024,15,23.1,28.81
12/05/2024,16,27.58,29.2
12/05/2024,17,29.52,52.03
12/05/2024,18,31.69,52.57
12/05/2024,19,29.66,36.58
12/05/2024,20,44.72,44.19
12/05/2024,21,56.11,54.28
12/05/2024,22,28.99,61.51
12/05/2024,23,21.15,58.99
12/05/2024,24,20.51,74.61
13/05/2024,1,25.55,58.9
13/05/2024,2,23.89,39.7
13/05/2024,3,21.91,52.96
13/05/2024,4,20.67,123.13
13/05/2024,5,21.14,179.7
13/05/2024,6,26.73,128.58
13/05/2024,7,36.26,113.42
13/05/2024,8,28.49,58.47
13/05/2024,9,17.51,23.75
13/05/2024,10,15.59,18.7
13/05/2024,11,19.39,13.74
13/05/2024,12,27.02,22.18
13/05/2024,13,46.34,34.25
13/05/2024,14,59.53,29.06
13/05/2024,15,71.25,26.83
13/05/2024,16,66.63,8.25
13/05/2024,17,63.7,28.62
13/05/2024,18,44.43,16.28
13/05/2024,19,48.92,16.84
13/05/2024,20,248.17,36.02
13/05/2024,21,372.22,0.02
13/05/2024,22,154.27,72.82
13/05/2024,23,55.72,37.95
13/05/2024,24,31.14,26.18
14/05/2024,1,34.68,31.08
14/05/2024,2,31.74,21.71
14/05/2024,3,31.83,40.23
14/05/2024,4,31.4,27.98
14/05/2024,5,33.61,27.12
14/05/2024,6,37.16,28.16
14/05/2024,7,42.01,27.02
14/05/2024,8,30.46,19.09
14/05/2024,9,18.33,11.37
14/05/2024,10,19.92,12.84
14/05/2024,11,29.41,12.75
14/05/2024,12,38.71,15.18
14/05/2024,13,51.57,17.43
14/05/2024,14,63.14,18.34
14/05/2024,15,74.39,19.02
14/05/2024,16,95.87,20.71
14/05/2024,17,106.86,36.97
14/05/2024,18,110.92,31.06
14/05/2024,19,107.2,48.36
14/05/2024,20,491.16,85.56
14/05/2024,21,117.57,43.64
14/05/2024,22,27.64,19.29
14/05/2024,23,25.1,17.76
14/05/2024,24,22.8,16.7
15/05/2024,1,16.44,16.24
15/05/2024,2,14.32,14.26
15/05/2024,3,13.19,11.29
15/05/2024,4,13.17,9.81
15/05/2024,5,13.27,10.12
15/05/2024,6,16.4,11.69
15/05/2024,7,20.89,14.25
15/05/2024,8,19.89,10.14
15/05/2024,9,16.93,6.21
15/05/2024,10,14.51,6.8
15/05/2024,11,16.95,13.09
15/05/2024,12,16.52,15.52
15/05/2024,13,17.57,20.98
15/05/2024,14,19.11,24.81
15/05/2024,15,17.81,24.02
15/05/2024,16,22.34,31.86
15/05/2024,17,37.57,31.66
15/05/2024,18,35.3,42.23
15/05/2024,19,28.46,14
15/05/2024,20,38.33,6.82
15/05/2024,21,33.28,-14.64
15/05/2024,22,27.7,-6.22
15/05/2024,23,19.2,18.1
15/05/2024,24,17.26,13.61
08/06/2024,17,58.55,55.69
08/06/2024,18,58.98,38.25
08/06/2024,19,53.66,32.24
08/06/2024,20,62.86,50.39
08/06/2024,21,52.59,48.96
08/06/2024,22,34.08,23.75
08/06/2024,23,24.74,28.6
08/06/2024,24,21.21,21.4
09/06/2024,1,19.38,20.42
09/06/2024,2,16.23,20.1
09/06/2024,3,15,17.9
09/06/2024,4,13.46,16.73
09/06/2024,5,13.21,16.53
09/06/2024,6,14.25,18.35
09/06/2024,7,16.28,18.77
09/06/2024,8,15.76,18.25
09/06/2024,9,14.12,17.92
09/06/2024,10,14.31,24.57
09/06/2024,11,20.37,36.63
09/06/2024,12,24.31,26.34
09/06/2024,13,30.43,39.09
09/06/2024,14,43.54,49.17
09/06/2024,15,54.06,54.45
09/06/2024,16,65.56,81.06
09/06/2024,17,90.75,61.08
09/06/2024,18,91.63,34.58
09/06/2024,19,85.4,40.81
09/06/2024,20,81.65,91.39
09/06/2024,21,48.88,58.01
09/06/2024,22,42.75,60.47
09/06/2024,23,25.68,51.33
09/06/2024,24,24.69,37.84
10/06/2024,1,25.41,37.15
10/06/2024,2,21.39,44.35
10/06/2024,3,20.18,24.62
10/06/2024,4,21.04,21.53
10/06/2024,5,21.86,21.81
10/06/2024,6,22.49,21.89
10/06/2024,7,28.61,39.03
10/06/2024,8,25.45,37.1
10/06/2024,9,24.21,22.83
10/06/2024,10,24.87,23.1
10/06/2024,11,27.97,27.26
10/06/2024,12,36.55,26.49
10/06/2024,13,61,94.05
10/06/2024,14,67.51,103.09
10/06/2024,15,80.74,229.68
10/06/2024,16,102.43,643.79
10/06/2024,17,105,359.67
10/06/2024,18,93.45,201.55
10/06/2024,19,113.39,183.31
10/06/2024,20,131.88,120.83
10/06/2024,21,135.34,73.81
10/06/2024,22,77.27,44.73
10/06/2024,23,34.11,33.38
10/06/2024,24,28.36,31.99
11/06/2024,1,28.03,34.39
11/06/2024,2,25.88,29.23
11/06/2024,3,24.66,27.92
11/06/2024,4,24.29,24.67
11/06/2024,5,24.07,25.42
11/06/2024,6,26.71,24.62
11/06/2024,7,28.85,27.08
11/06/2024,8,25.91,27.84
11/06/2024,9,24.93,22.81
11/06/2024,10,25.49,25.96
11/06/2024,11,34.7,67.84
11/06/2024,12,45.89,102.07
11/06/2024,13,66.08,155.61
11/06/2024,14,93.14,256.78
11/06/2024,15,95.55,193.4
11/06/2024,16,106.65,137.47
11/06/2024,17,101.9,57.33
11/06/2024,18,88.18,-116.75
11/06/2024,19,85.38,-31.77
11/06/2024,20,89.24,-183.47
11/06/2024,21,94.76,-114.44
11/06/2024,22,50.63,-168.29
11/06/2024,23,30.78,15.51
11/06/2024,24,27.3,31.5
05/07/2024,14,40.54,22.85
05/07/2024,15,46.01,25.85
05/07/2024,16,49.39,28.2
05/07/2024,17,50.48,32.65
05/07/2024,18,42.02,45.54
05/07/2024,19,30.98,32.03
05/07/2024,20,23.88,34.3
05/07/2024,21,11.31,33.85
05/07/2024,22,14.67,23.13
05/07/2024,23,28.48,20.75
05/07/2024,24,27.93,22.48
06/07/2024,1,23.82,21.71
06/07/2024,2,23.29,21.76
06/07/2024,3,22.29,20.42
06/07/2024,4,21.19,19.87
06/07/2024,5,20.63,19.65
06/07/2024,6,23.66,19.5
06/07/2024,7,22.72,19.36
06/07/2024,8,18.55,17.36
06/07/2024,9,16.62,14.83
06/07/2024,10,21,43.17
06/07/2024,11,24.99,98.66
06/07/2024,12,30.04,753.07
06/07/2024,13,41.28,364.66
06/07/2024,14,57.42,243.42
06/07/2024,15,64.9,574.06
06/07/2024,16,69,233.5
06/07/2024,17,71.24,556.86
06/07/2024,18,46.05,287.79
06/07/2024,19,39.99,32.12
06/07/2024,20,55.54,16.76
06/07/2024,21,39.3,17.54
06/07/2024,22,30.37,17.79
06/07/2024,23,23.81,17.81
06/07/2024,24,20.45,17.52
07/07/2024,1,21.93,17.03
07/07/2024,2,19.89,16.04
07/07/2024,3,18.02,15.97
07/07/2024,4,16.67,14.68
07/07/2024,5,15.27,14.3
07/07/2024,6,15.66,14.46
07/07/2024,7,14.52,13.74
07/07/2024,8,11.59,9.54
07/07/2024,9,8.76,6.4
07/07/2024,10,10.49,0
07/07/2024,11,15.17,6.62
07/07/2024,12,18.82,13.32
07/07/2024,13,23.68,16.11
07/07/2024,14,29.07,16.58
07/07/2024,15,33.23,19.56
07/07/2024,16,30.8,21.69
07/07/2024,17,37.95,21.65
07/07/2024,18,33.78,20.05
07/07/2024,19,28.91,19.52
07/07/2024,20,24.44,18.18
07/07/2024,21,22.79,19.83
07/07/2024,22,21.26,19.25
07/07/2024,23,18.68,15.73
07/07/2024,24,18.55,14.35
08/07/2024,1,20.24,14.33
08/07/2024,2,18.5,13.87
08/07/2024,3,18.61,10.16
08/07/2024,4,19.35,10.09
08/07/2024,5,21.53,12.44
08/07/2024,6,24.88,15.65
08/07/2024,7,20.64,18.28
08/07/2024,8,17.79,15.56
08/07/2024,9,13.9,24.33
08/07/2024,10,14.72,30.96
08/07/2024,11,18.7,28.82
08/07/2024,12,25.26,54.01
08/07/2024,13,34.07,167.09
08/07/2024,14,42.23,133.74
08/07/2024,15,30.68,32.13
08/07/2024,16,28.39,20.92
08/07/2024,17,19.96,17.37
08/07/2024,18,25.24,15.19
08/07/2024,19,25.15,14.1
08/07/2024,20,16.57,22.21
08/07/2024,21,19.84,37.81
08/07/2024,22,21.32,37.96
08/07/2024,23,22.76,26.45
08/07/2024,24,20.78,21.29
01/08/2024,14,23.04,23.39
01/08/2024,15,24.43,25.09
01/08/2024,16,22.38,26.57
01/08/2024,17,19.59,24.16
01/08/2024,18,16.72,23.18
01/08/2024,19,15.56,22.8
01/08/2024,20,17.2,32.03
01/08/2024,21,17.02,33.93
01/08/2024,22,13.7,24.24
01/08/2024,23,22.66,20.84
01/08/2024,24,18.45,18.29
02/08/2024,1,18.51,15.82
02/08/2024,2,17.16,12.6
02/08/2024,3,15.98,12
02/08/2024,4,16.01,12.28
02/08/2024,5,16.57,13.27
02/08/2024,6,19.05,20.11
02/08/2024,7,19.35,23.62
02/08/2024,8,18.24,22.37
02/08/2024,9,15.53,15.52
02/08/2024,10,15.26,17.64
02/08/2024,11,19.63,33.62
02/08/2024,12,28.5,45.97
02/08/2024,13,38.82,44.81
02/08/2024,14,50.22,55.97
02/08/2024,15,63.75,31.72
02/08/2024,16,56.35,23.78
02/08/2024,17,49.29,31.2
02/08/2024,18,49.61,32.53
02/08/2024,19,113.2,40.3
02/08/2024,20,473.64,95.67
02/08/2024,21,368.48,51.13
02/08/2024,22,78.24,32.35
02/08/2024,23,31,25.3
02/08/2024,24,25.86,22.48
03/08/2024,1,23.9,20.21
03/08/2024,2,21.58,19.42
03/08/2024,3,21.33,18.13
03/08/2024,4,20.35,17.68
03/08/2024,5,20.81,17.88
03/08/2024,6,20.83,18.2
03/08/2024,7,19.56,20.04
03/08/2024,8,18.04,20.35
03/08/2024,9,14.27,14.63
03/08/2024,10,14.27,15.29
03/08/2024,11,19.37,22.64
03/08/2024,12,25.73,35.97
03/08/2024,13,31.47,37.94
03/08/2024,14,38.58,40.94
03/08/2024,15,45,46.65
03/08/2024,16,49.69,28.84
03/08/2024,17,48.48,29.36
03/08/2024,18,42,23.87
03/08/2024,19,52.64,38.48
03/08/2024,20,130.64,52.5
03/08/2024,21,93.59,40.61
03/08/2024,22,36.02,28.97
03/08/2024,23,25.29,31.48
03/08/2024,24,23.68,31.42
04/08/2024,1,23.61,34.33
04/08/2024,2,21.51,26.7
04/08/2024,3,20.98,24.44
04/08/2024,4,20.22,23.09
04/08/2024,5,19.74,21.36
04/08/2024,6,19.94,20.44
04/08/2024,7,18.65,19.49
04/08/2024,8,16.52,19.53
04/08/2024,9,12.53,16.68
04/08/2024,10,14.07,16.97
04/08/2024,11,17.96,18.18
04/08/2024,12,21.82,19.07
04/08/2024,13,25.5,20.94
04/08/2024,14,28.2,23.21
04/08/2024,15,27.51,25.69
04/08/2024,16,30.83,29.4
04/08/2024,17,32.11,25.83
04/08/2024,18,32.01,35.57
04/08/2024,19,37.41,45.35
04/08/2024,20,75.65,51.86
04/08/2024,21,49.27,40.51
04/08/2024,22,24.69,28.31
04/08/2024,23,24.02,24.5
04/08/2024,24,22.39,21.84
28/08/2024,16,36.01,16.76
28/08/2024,17,34.4,11.35
28/08/2024,18,30.54,-26.95
28/08/2024,19,29.95,-21.97
28/08/2024,20,24.58,15.94
28/08/2024,21,35.88,22.38
28/08/2024,22,30.01,20.7
28/08/2024,23,25.57,20.14
28/08/2024,24,23.37,19.26
29/08/2024,1,20.17,18.16
29/08/2024,2,18.82,17.87
29/08/2024,3,18.07,17.54
29/08/2024,4,18.42,17.53
29/08/2024,5,19.13,17.42
29/08/2024,6,21.92,19.8
29/08/2024,7,24.74,24.81
29/08/2024,8,23.43,22.45
29/08/2024,9,18.18,16.77
29/08/2024,10,16.34,13.62
29/08/2024,11,17.65,18.25
29/08/2024,12,21.07,19.7
29/08/2024,13,23.56,18.76
29/08/2024,14,24.19,19.94
29/08/2024,15,28.06,22.9
29/08/2024,16,29.98,27.66
29/08/2024,17,31.03,25.52
29/08/2024,18,31.51,28.9
29/08/2024,19,34.71,34.66
29/08/2024,20,37.86,77.82
29/08/2024,21,27.65,44.3
29/08/2024,22,25.23,24.78
29/08/2024,23,22.23,24.33
29/08/2024,24,18.86,20.3
30/08/2024,1,16.4,20.77
30/08/2024,2,15.89,20.28
30/08/2024,3,16.72,20.23
30/08/2024,4,17.33,20.14
30/08/2024,5,18.58,21.05
30/08/2024,6,21.76,24.32
30/08/2024,7,24.62,27.44
30/08/2024,8,23.02,24.49
30/08/2024,9,17.96,21.12
30/08/2024,10,17.72,19.5
30/08/2024,11,19.81,20.32
30/08/2024,12,22.58,18.74
30/08/2024,13,21.88,20.93
30/08/2024,14,26.5,21.18
30/08/2024,15,27.28,17.7
30/08/2024,16,29.16,20.93
30/08/2024,17,32.23,18.95
30/08/2024,18,31.51,21.12
30/08/2024,19,32.87,25.84
30/08/2024,20,41.55,-8.12
30/08/2024,21,35.92,48.25
30/08/2024,22,30.91,31.46
30/08/2024,23,25.95,33.91
30/08/2024,24,24.04,34.24
31/08/2024,1,24.95,24.44
31/08/2024,2,23.55,24.3
31/08/2024,3,22.11,21.06
31/08/2024,4,21.07,20.2
31/08/2024,5,20.75,20.54
31/08/2024,6,21.15,19.68
31/08/2024,7,21.68,19.59
31/08/2024,8,20.3,18.81
31/08/2024,9,17.49,18.01
31/08/2024,10,16.6,19.51
31/08/2024,11,17.3,19.1
31/08/2024,12,18.93,18.76
31/08/2024,13,19.51,21.16
31/08/2024,14,21.76,21.87
31/08/2024,15,24.82,21.42
31/08/2024,16,26.69,24.63
31/08/2024,17,26.82,23.88
31/08/2024,18,29.35,26.18
31/08/2024,19,38.52,53.55
31/08/2024,20,60.55,64.32
31/08/2024,21,53.78,38.95
31/08/2024,22,35.48,48.73
31/08/2024,23,27.28,28.66
31/08/2024,24,24.45,27.33
24/09/2024,14,37.91,40.51
24/09/2024,15,38.91,33.36
24/09/2024,16,42.56,38.05
24/09/2024,17,35.22,41.64
24/09/2024,18,36.19,52.85
24/09/2024,19,57.26,43.71
24/09/2024,20,68.08,-8.98
24/09/2024,21,46.26,65.88
24/09/2024,22,36.38,53.77
24/09/2024,23,30.47,35.8
24/09/2024,24,26.24,29.14
25/09/2024,1,26.47,32.64
25/09/2024,2,24.88,31
25/09/2024,3,24.26,29.87
25/09/2024,4,23.32,29.53
25/09/2024,5,23.08,31.05
25/09/2024,6,24.27,31.32
25/09/2024,7,28.35,27.9
25/09/2024,8,26.1,25.16
25/09/2024,9,20.74,19.14
25/09/2024,10,22.69,22.86
25/09/2024,11,27.07,32.36
25/09/2024,12,33.2,31.06
25/09/2024,13,40.01,34.39
25/09/2024,14,47.87,67.64
25/09/2024,15,56.97,74.58
25/09/2024,16,57,71.74
25/09/2024,17,58.33,57.95
25/09/2024,18,44,36.06
25/09/2024,19,70.91,38.55
25/09/2024,20,91.22,60.22
25/09/2024,21,63.66,39.73
25/09/2024,22,43.28,35.57
25/09/2024,23,31.9,28.48
25/09/2024,24,27.76,26.72
26/09/2024,1,24.24,25.88
26/09/2024,2,21.39,23.42
26/09/2024,3,20.1,23.99
26/09/2024,4,14.59,23.13
26/09/2024,5,8.71,20.39
26/09/2024,6,4.93,20.37
26/09/2024,7,-4.7,17.44
26/09/2024,8,8.14,13.42
26/09/2024,9,12.01,13.48
26/09/2024,10,8.19,14.4
26/09/2024,11,8.94,18.03
26/09/2024,12,15.63,19.29
26/09/2024,13,18.27,22.22
26/09/2024,14,18.25,23.58
26/09/2024,15,18.55,22.61
26/09/2024,16,21.27,23.76
26/09/2024,17,20.82,26.48
26/09/2024,18,23.48,27.69
26/09/2024,19,59.98,64.41
26/09/2024,20,83.61,64.83
26/09/2024,21,53.77,48.51
26/09/2024,22,35.83,30.01
26/09/2024,23,27.09,26.25
26/09/2024,24,25.18,22.58
27/09/2024,1,22.71,21.91
27/09/2024,2,20.64,20.74
27/09/2024,3,19.5,19.27
27/09/2024,4,18.89,18.58
27/09/2024,5,19.15,18.27
27/09/2024,6,21.48,18.2
27/09/2024,7,23.79,19.49
27/09/2024,8,23.24,18.78
27/09/2024,9,16.47,15.9
27/09/2024,10,14.28,14.78
27/09/2024,11,18.09,16.45
27/09/2024,12,24.63,17.78
27/09/2024,13,28.31,18.84
27/09/2024,14,31.05,21.34
27/09/2024,15,32.1,22.91
27/09/2024,16,38.21,30.87
27/09/2024,17,37.84,35.53
27/09/2024,18,42.56,35.22
27/09/2024,19,64.15,52.53
27/09/2024,20,71.99,43.47
27/09/2024,21,41.94,28.98
27/09/2024,22,31.91,25.17
27/09/2024,23,27.4,21.51
27/09/2024,24,24.57,20.29
21/10/2024,14,34.93,78.53
21/10/2024,15,32.18,32.01
21/10/2024,16,32.19,28.77
21/10/2024,17,30.26,25.44
21/10/2024,18,37.48,32.91
21/10/2024,19,57.12,25.18
21/10/2024,20,40.23,23.49
21/10/2024,21,23.84,17.66
21/10/2024,22,22.14,17.04
21/10/2024,23,18.79,14.84
21/10/2024,24,17.6,15.5
22/10/2024,1,14,15.26
22/10/2024,2,12.84,13.77
22/10/2024,3,12.45,12.38
22/10/2024,4,13.17,14.56
22/10/2024,5,15.01,18.43
22/10/2024,6,19.64,22.37
22/10/2024,7,23.61,23.94
22/10/2024,8,25.73,25.55
22/10/2024,9,21.36,19.77
22/10/2024,10,13.98,16.43
22/10/2024,11,16.64,15.45
22/10/2024,12,22.15,42.98
22/10/2024,13,24.2,67.66
22/10/2024,14,30.9,53.06
22/10/2024,15,35.07,30.87
22/10/2024,16,38.75,38.22
22/10/2024,17,49.37,56.4
22/10/2024,18,97.02,97.57
22/10/2024,19,152.35,281.89
22/10/2024,20,77.19,87.18
22/10/2024,21,30.18,32.49
22/10/2024,22,22.63,21.71
22/10/2024,23,18.73,17.92
22/10/2024,24,16.1,16.84
23/10/2024,1,15.45,15.1
23/10/2024,2,13.54,14.71
23/10/2024,3,13.48,13.4
23/10/2024,4,14.11,13.3
23/10/2024,5,16.14,14.04
23/10/2024,6,19.44,17.26
23/10/2024,7,24.69,23.22
23/10/2024,8,26.27,22.93
23/10/2024,9,22.46,17.5
23/10/2024,10,18.36,13.85
23/10/2024,11,21.71,14.79
23/10/2024,12,29.5,19.73
23/10/2024,13,33.93,37.2
23/10/2024,14,42.29,50.49
23/10/2024,15,52.24,35.79
23/10/2024,16,69.74,63.74
23/10/2024,17,83.48,64.03
23/10/2024,18,125.37,173.4
23/10/2024,19,185.33,262.03
23/10/2024,20,79.63,70.8
23/10/2024,21,27.79,22.57
23/10/2024,22,23.05,18.02
23/10/2024,23,18.46,17.13
23/10/2024,24,16.06,17.35
24/10/2024,1,16.96,19.41
24/10/2024,2,15.85,18.38
24/10/2024,3,15.34,17.88
24/10/2024,4,14.84,17.86
24/10/2024,5,14.91,19.27
24/10/2024,6,16.92,19.88
24/10/2024,7,18.14,25.46
24/10/2024,8,17.37,24.79
24/10/2024,9,15.5,16.4
24/10/2024,10,17.45,16.44
24/10/2024,11,21.97,15.11
24/10/2024,12,36.07,24.43
24/10/2024,13,41.41,27.26
24/10/2024,14,54.62,41.98
24/10/2024,15,45.41,24.15
24/10/2024,16,55.21,18.67
24/10/2024,17,41.52,22.8
24/10/2024,18,38.67,29.25
24/10/2024,19,46.57,35.22
24/10/2024,20,29.6,25.67
24/10/2024,21,23.72,22.92
24/10/2024,22,21.79,21.7
24/10/2024,23,20.14,22.33
24/10/2024,24,17.5,19.33
17/11/2024,17,-41.34,-683.41
17/11/2024,18,-48.02,-123.76
17/11/2024,19,-45.6,-23.16
17/11/2024,20,-29.83,1.26
17/11/2024,21,-12.5,11.69
17/11/2024,22,-19.13,21.27
17/11/2024,23,-15,21.85
17/11/2024,24,-16.95,11.43
18/11/2024,1,-32.1,5
18/11/2024,2,-33.39,7.28
18/11/2024,3,-37.58,5.36
18/11/2024,4,-36.16,6.06
18/11/2024,5,-31.46,5.63
18/11/2024,6,-21.62,11.62
18/11/2024,7,-14.96,16.31
18/11/2024,8,-1.96,14.18
18/11/2024,9,11.41,9.53
18/11/2024,10,11.42,9.06
18/11/2024,11,12.33,12.12
18/11/2024,12,18.01,15.71
18/11/2024,13,20.31,11.45
18/11/2024,14,33.43,16.36
18/11/2024,15,56.05,16.63
18/11/2024,16,73.12,40.08
18/11/2024,17,66.46,32.83
18/11/2024,18,65.87,51.16
18/11/2024,19,40.55,31.5
18/11/2024,20,36.61,46.26
18/11/2024,21,28.89,27.23
18/11/2024,22,23.69,22.68
18/11/2024,23,20.85,18.14
18/11/2024,24,19.6,17.65
19/11/2024,1,20.11,14.93
19/11/2024,2,17.52,15.12
19/11/2024,3,16.23,15.15
19/11/2024,4,16.7,15.18
19/11/2024,5,17.06,16.77
19/11/2024,6,19.38,19.47
19/11/2024,7,28.88,24.9
19/11/2024,8,22.42,18.09
19/11/2024,9,12.33,6.28
19/11/2024,10,13.95,8.73
19/11/2024,11,24.25,5.5
19/11/2024,12,37.63,6.07
19/11/2024,13,42.74,13.25
19/11/2024,14,39.91,25.18
19/11/2024,15,72.88,40.07
19/11/2024,16,75.9,40.7
19/11/2024,17,79.53,88.72
19/11/2024,18,126.82,70.5
19/11/2024,19,57.78,28.63
19/11/2024,20,37.5,37.53
19/11/2024,21,25.21,34.97
19/11/2024,22,22.04,29.61
19/11/2024,23,17.43,26.5
19/11/2024,24,16.89,21.16
20/11/2024,1,16.75,19.66
20/11/2024,2,13.78,18.37
20/11/2024,3,-6.11,17.15
20/11/2024,4,-25.99,18.36
20/11/2024,5,-27.36,-10.19
20/11/2024,6,-36.68,-53.99
20/11/2024,7,-40,-51.83
20/11/2024,8,-26.69,-42.69
20/11/2024,9,-13.33,-3.81
20/11/2024,10,-10.01,-14.33
20/11/2024,11,-5.69,-14.38
20/11/2024,12,2.45,-4.02
20/11/2024,13,4.31,-0.23
20/11/2024,14,5.74,7.31
20/11/2024,15,7.02,7.97
20/11/2024,16,11.25,9.83
20/11/2024,17,14.04,48.8
20/11/2024,18,52.24,90.8
20/11/2024,19,35.53,75.96
20/11/2024,20,27.86,67.14
20/11/2024,21,27.46,35.26
20/11/2024,22,29.39,27.89
20/11/2024,23,22.79,25.81
20/11/2024,24,20.29,24.8
14/12/2024,14,21.57,21.57
14/12/2024,15,21.38,22.08
14/12/2024,16,21.49,22.24
14/12/2024,17,34.4,45.62
14/12/2024,18,49.94,372.53
14/12/2024,19,36.79,55.23
14/12/2024,20,32.24,43.48
14/12/2024,21,33.46,32.46
14/12/2024,22,30.24,28.64
14/12/2024,23,26.83,25.71
14/12/2024,24,24.1,23.91
15/12/2024,1,25.2,23.36
15/12/2024,2,20.61,22.16
15/12/2024,3,19.05,20.9
15/12/2024,4,17.18,20.62
15/12/2024,5,17.74,20.62
15/12/2024,6,20.67,21.01
15/12/2024,7,21.71,22.6
15/12/2024,8,23.55,22.57
15/12/2024,9,20.73,20.89
15/12/2024,10,18.61,16.71
15/12/2024,11,10.65,15.24
15/12/2024,12,4.07,13.51
15/12/2024,13,1.73,13.86
15/12/2024,14,-0.8,13.27
15/12/2024,15,-3.19,14.79
15/12/2024,16,-2.97,13.68
15/12/2024,17,-3.76,24.15
15/12/2024,18,10.83,14.5
15/12/2024,19,6.24,12.49
15/12/2024,20,3.23,1.01
15/12/2024,21,9.57,-0.86
15/12/2024,22,2.24,-1.6
15/12/2024,23,3.78,-2.1
15/12/2024,24,1.57,-3.9
16/12/2024,1,5.09,-13.27
16/12/2024,2,1.62,-8.06
16/12/2024,3,1.17,-7.74
16/12/2024,4,4.58,-3.57
16/12/2024,5,6.14,1.8
16/12/2024,6,22.1,28.84
16/12/2024,7,31.96,37.76
16/12/2024,8,32.09,34.1
16/12/2024,9,31.02,30.14
16/12/2024,10,19.68,22.29
16/12/2024,11,17.38,21.83
16/12/2024,12,17.03,29
16/12/2024,13,18.52,30.82
16/12/2024,14,21.4,32.4
16/12/2024,15,23.46,26.87
16/12/2024,16,27.34,22.38
16/12/2024,17,32.11,39.55
16/12/2024,18,42.88,71.75
16/12/2024,19,33.09,38.06
16/12/2024,20,26.32,37.12
16/12/2024,21,28.96,33.29
16/12/2024,22,25.35,31.22
16/12/2024,23,27.89,28.79
16/12/2024,24,25.81,28.59
17/12/2024,1,25.35,28.66
17/12/2024,2,23.48,30.26
17/12/2024,3,22.74,31.36
17/12/2024,4,22.72,32.1
17/12/2024,5,27.34,30.1
17/12/2024,6,29.71,29.82
17/12/2024,7,31.56,36.5
17/12/2024,8,34.45,32.91
17/12/2024,9,30.1,25.33
17/12/2024,10,23.53,19.56
17/12/2024,11,23.61,18.58
17/12/2024,12,20.4,17.96
17/12/2024,13,19.46,14.33
17/12/2024,14,18.98,8.29
17/12/2024,15,19.02,5.82
17/12/2024,16,19.29,4.57
17/12/2024,17,26.44,15.7
17/12/2024,18,45.05,29.14
17/12/2024,19,32.36,25.9
17/12/2024,20,26.3,23.18
17/12/2024,21,23.17,21.27
17/12/2024,22,23.36,20.31
17/12/2024,23,22.51,21.22
17/12/2024,24,22.44,18.63
10/01/2025,14,3.77,19.49
10/01/2025,15,4.54,16.67
10/01/2025,16,1.59,18.54
10/01/2025,17,-1.62,22.01
10/01/2025,18,8.11,44.67
10/01/2025,19,15.87,45.16
10/01/2025,20,27.03,39.49
10/01/2025,21,33.11,41.89
10/01/2025,22,39.08,40.6
10/01/2025,23,34.72,43.66
10/01/2025,24,31.4,38.86
11/01/2025,1,34.15,38.15
11/01/2025,2,32.89,33.81
11/01/2025,3,32.43,32.98
11/01/2025,4,33.66,34.9
11/01/2025,5,34.37,35.35
11/01/2025,6,40.99,38.73
11/01/2025,7,45.06,103.06
11/01/2025,8,43.47,286.86
11/01/2025,9,37.75,150.56
11/01/2025,10,34.69,84.62
11/01/2025,11,30.8,67.35
11/01/2025,12,23.95,59.83
11/01/2025,13,12.05,69.94
11/01/2025,14,5.52,8.3
11/01/2025,15,2.25,1.38
11/01/2025,16,2.38,-1.85
11/01/2025,17,6.07,2.5
11/01/2025,18,26.05,27.26
11/01/2025,19,29.83,30.07
11/01/2025,20,26.21,26.29
11/01/2025,21,26.37,25.95
11/01/2025,22,25.15,26.18
11/01/2025,23,24.27,28
11/01/2025,24,25.74,29.58
12/01/2025,1,24.06,13.04
12/01/2025,2,26.54,30.43
12/01/2025,3,26.14,33.03
12/01/2025,4,27.81,42.04
12/01/2025,5,28.41,40.51
12/01/2025,6,30.75,43.41
12/01/2025,7,42.63,46.76
12/01/2025,8,40.88,50.2
12/01/2025,9,29.96,29.01
12/01/2025,10,25.04,27.55
12/01/2025,11,20.71,29.08
12/01/2025,12,16.76,24.69
12/01/2025,13,17.96,17.82
12/01/2025,14,17.92,15.29
12/01/2025,15,15.03,8.75
12/01/2025,16,16.44,3.45
12/01/2025,17,23.83,20.58
12/01/2025,18,31.43,38.35
12/01/2025,19,35.68,38.57
12/01/2025,20,37.52,34.94
12/01/2025,21,39.3,29.27
12/01/2025,22,36.81,28.59
12/01/2025,23,26.23,26.11
12/01/2025,24,15.49,-14.65
13/01/2025,1,8.4,-27.42
13/01/2025,2,2.47,-41.17
13/01/2025,3,2.01,-38.57
13/01/2025,4,-4.65,-62.75
13/01/2025,5,-1.27,-66.74
13/01/2025,6,14.74,-76.11
13/01/2025,7,19.54,-77.99
13/01/2025,8,8.96,-17.85
13/01/2025,9,21.84,-7.79
13/01/2025,10,26.3,20.78
13/01/2025,11,23.17,21.61
13/01/2025,12,23.2,21.21
13/01/2025,13,22.35,20.67
13/01/2025,14,20.92,20.75
13/01/2025,15,17.53,19.95
13/01/2025,16,16.18,19.75
13/01/2025,17,24.99,24.17
13/01/2025,18,39.38,41.43
13/01/2025,19,38.83,47.04
13/01/2025,20,42.52,7.97
13/01/2025,21,40.03,-16.59
13/01/2025,22,32.12,8.02
13/01/2025,23,28.2,28.39
13/01/2025,24,25.92,25.91
06/02/2025,14,21.51,18.06
06/02/2025,15,19.93,18.35
06/02/2025,16,20.16,17.33
06/02/2025,17,24.85,19.08
06/02/2025,18,26.45,40.69
06/02/2025,19,12.97,40.79
06/02/2025,20,4.13,8.35
06/02/2025,21,2.62,-11.97
06/02/2025,22,2.87,6.62
06/02/2025,23,5.87,3.76
06/02/2025,24,0.75,6.88
07/02/2025,1,4.01,14.86
07/02/2025,2,6.82,6.52
07/02/2025,3,12.63,-10.1
07/02/2025,4,20.84,-5.42
07/02/2025,5,26.25,13.7
07/02/2025,6,28.48,30.69
07/02/2025,7,35.82,33.09
07/02/2025,8,39.19,30.68
07/02/2025,9,27.14,28.1
07/02/2025,10,23.57,29.25
07/02/2025,11,20.65,27.3
07/02/2025,12,19.93,22.31
07/02/2025,13,18.93,19.99
07/02/2025,14,19.15,18.85
07/02/2025,15,18.81,19.14
07/02/2025,16,18.92,14.5
07/02/2025,17,20.03,12.77
07/02/2025,18,34.22,26.61
07/02/2025,19,17.83,23.78
07/02/2025,20,5.1,18.37
07/02/2025,21,1.55,18.13
07/02/2025,22,0.11,19.16
07/02/2025,23,-9.21,20.94
07/02/2025,24,0.28,11.3
08/02/2025,1,-14.65,16.88
08/02/2025,2,-18.07,5.15
08/02/2025,3,-11.7,-12.77
08/02/2025,4,-6.32,-11.53
08/02/2025,5,7.17,-2.27
08/02/2025,6,8.07,14.31
08/02/2025,7,16.91,17.67
08/02/2025,8,19.06,18.11
08/02/2025,9,11.52,16.41
08/02/2025,10,6.65,12.08
08/02/2025,11,5.54,4.51
08/02/2025,12,11.32,2.03
08/02/2025,13,14.62,6.3
08/02/2025,14,15.89,14.48
08/02/2025,15,17.16,16.49
08/02/2025,16,17.43,14.8
08/02/2025,17,16.93,14.88
08/02/2025,18,14.27,27.09
08/02/2025,19,1.35,25.89
08/02/2025,20,-5.16,22.32
08/02/2025,21,-6.38,22.77
08/02/2025,22,-10.27,9.93
08/02/2025,23,-2.8,18.17
08/02/2025,24,-5.13,23.86
09/02/2025,1,-10.58,20.53
09/02/2025,2,-10.42,0.26
09/02/2025,3,-1.11,-32.3
09/02/2025,4,4.09,-39.68
09/02/2025,5,11.12,-46.94
09/02/2025,6,13.9,-30.88
09/02/2025,7,13.28,-11.14
09/02/2025,8,16.64,12.82
09/02/2025,9,15.45,18.03
09/02/2025,10,18.19,-10.34
09/02/2025,11,22.37,6.85
09/02/2025,12,24.89,20.12
09/02/2025,13,23.78,19.7
09/02/2025,14,25.8,20.55
09/02/2025,15,22.92,19.17
09/02/2025,16,23.88,19.92
09/02/2025,17,24.78,21.62
09/02/2025,18,16.87,28.25
09/02/2025,19,1.55,30.87
09/02/2025,20,-8.7,18.07
09/02/2025,21,-0.41,23.66
09/02/2025,22,9.61,26.41
09/02/2025,23,14.4,-0.73
09/02/2025,24,14.98,17.46
05/03/2025,18,48.96,83.7
05/03/2025,19,56.29,114.53
05/03/2025,20,7.2,73.61
05/03/2025,21,4.91,25.94
05/03/2025,22,11.07,31.8
05/03/2025,23,13.33,31.66
05/03/2025,24,10.05,27.1
06/03/2025,1,12.12,23.76
06/03/2025,2,9.98,22.9
06/03/2025,3,14.31,21.6
06/03/2025,4,13.9,19.98
06/03/2025,5,15.67,19.01
06/03/2025,6,26.05,24.33
06/03/2025,7,31.46,-13.2
06/03/2025,8,25.89,-9.04
06/03/2025,9,16.01,-1.75
06/03/2025,10,7.6,-6.51
06/03/2025,11,1.15,-9.71
06/03/2025,12,-2.27,-10.13
06/03/2025,13,-4.63,-12.43
06/03/2025,14,-2.45,-8.2
06/03/2025,15,0.19,-7.89
06/03/2025,16,1.29,-6.06
06/03/2025,17,4.22,0.5
06/03/2025,18,6.81,-19.87
06/03/2025,19,-5,-30.65
06/03/2025,20,-5.69,-25.95
06/03/2025,21,0.46,-24.09
06/03/2025,22,-1.03,-18.16
06/03/2025,23,3.02,-14.6
06/03/2025,24,-3.47,-20.19
07/03/2025,1,-30.62,-23.18
07/03/2025,2,-22.66,2.22
07/03/2025,3,-15.06,-22.93
07/03/2025,4,-11.53,23.98
07/03/2025,5,-10.2,33.33
07/03/2025,6,8,47.92
07/03/2025,7,28.71,54.87
07/03/2025,8,46.94,43.23
07/03/2025,9,27.86,32.61
07/03/2025,10,24.07,28.01
07/03/2025,11,25,20.63
07/03/2025,12,28.4,25.05
07/03/2025,13,34.39,25.06
07/03/2025,14,38.92,28.9
07/03/2025,15,49.67,39.65
07/03/2025,16,48.9,41.33
07/03/2025,17,43.91,27.64
07/03/2025,18,68.23,57.51
07/03/2025,19,115.96,46.2
07/03/2025,20,14.67,23.68
07/03/2025,21,-19.04,-16.11
07/03/2025,22,-28.29,-28.54
07/03/2025,23,-11.6,-29.1
07/03/2025,24,-11.43,-35.86
08/03/2025,1,20.18,-29.96
08/03/2025,2,24.44,8.59
08/03/2025,3,27.84,10.98
08/03/2025,4,28.38,15.14
08/03/2025,5,30.79,18.99
08/03/2025,6,33.14,19.31
08/03/2025,7,35.45,21.29
08/03/2025,8,37.19,21
08/03/2025,9,32,22.66
08/03/2025,10,29.98,25.29
08/03/2025,11,30.77,33.13
08/03/2025,12,31.96,35.13
08/03/2025,13,31.4,41.77
08/03/2025,14,31.93,42.32
08/03/2025,15,32.16,55.5
08/03/2025,16,30.57,43.58
08/03/2025,17,27.53,29.29
08/03/2025,18,27.64,29.41
08/03/2025,19,21.11,32.29
08/03/2025,20,6.11,29.99
08/03/2025,21,4.18,27.83
08/03/2025,22,-12.84,-3.47
08/03/2025,23,-22.65,-46.07
08/03/2025,24,-36.15,-41.95
01/04/2025,15,20.72,14.35
01/04/2025,16,19.95,11.65
01/04/2025,17,16.64,-11.01
01/04/2025,18,13.62,-20.17
01/04/2025,19,-7.37,-42.84
01/04/2025,20,-7.33,-72.22
01/04/2025,21,-6.74,-87.55
01/04/2025,22,-13.26,-73.15
01/04/2025,23,-13.54,-2.37
01/04/2025,24,-16.02,-16.32
02/04/2025,1,-50.49,-17.66
02/04/2025,2,-52.62,-22.4
02/04/2025,3,-54.43,-28.6
02/04/2025,4,-52.94,-50.61
02/04/2025,5,-49.09,-54.17
02/04/2025,6,-43.15,-31.85
02/04/2025,7,-35.82,-35.13
02/04/2025,8,-29.68,-77.86
02/04/2025,9,-2.84,-84.41
02/04/2025,10,17.02,-63.44
02/04/2025,11,22.43,0.93
02/04/2025,12,29.98,32.33
02/04/2025,13,35.02,53.57
02/04/2025,14,43.62,65.46
02/04/2025,15,51.53,61.22
02/04/2025,16,69.4,52.01
02/04/2025,17,77.33,83.35
02/04/2025,18,53.38,136.3
02/04/2025,19,39.15,-16
02/04/2025,20,-19.92,-124.92
02/04/2025,21,-29.06,-101.98
02/04/2025,22,-38.62,-81.79
02/04/2025,23,-19.42,-72.58
02/04/2025,24,-40.77,-80.09
03/04/2025,1,-57.82,-76.67
03/04/2025,2,-46.42,-74.69
03/04/2025,3,-48.25,-66.75
03/04/2025,4,-43.57,-69.1
03/04/2025,5,-42.09,-74.63
03/04/2025,6,-29.82,-63.35
03/04/2025,7,-22.3,-62.91
03/04/2025,8,-15.56,-62.34
03/04/2025,9,12.11,-6.63
03/04/2025,10,21.7,21.47
03/04/2025,11,30.18,23.31
03/04/2025,12,35.25,24.04
03/04/2025,13,39.32,22.25
03/04/2025,14,43.26,27.75
03/04/2025,15,48.15,38.93
03/04/2025,16,60.4,40.8
03/04/2025,17,53.58,41.19
03/04/2025,18,58.83,9.97
03/04/2025,19,-0.9,-57.95
03/04/2025,20,-52.05,-60.33
03/04/2025,21,-56.4,-70.42
03/04/2025,22,-57.55,-66.92
03/04/2025,23,-51.63,-51.95
03/04/2025,24,-48.56,-39.06
04/04/2025,1,-52.13,-15.27
04/04/2025,2,-49.46,5.76
04/04/2025,3,-50.91,-15.28
04/04/2025,4,-53.6,-2.49
04/04/2025,5,-57.21,-30.08
04/04/2025,6,-55.96,-66.4
04/04/2025,7,-56.04,-72.85
04/04/2025,8,-54.18,-76.55
04/04/2025,9,-32.86,-60.04
04/04/2025,10,-8.33,-16.17
04/04/2025,11,9.42,30.03
04/04/2025,12,25.58,27.59
04/04/2025,13,33.78,25.66
04/04/2025,14,36.48,25.04
04/04/2025,15,41.3,28.48
04/04/2025,16,40.66,33.34
04/04/2025,17,39.89,39.74
04/04/2025,18,24.84,29.88
04/04/2025,19,-30.53,-34.08
04/04/2025,20,-59.54,-43.4
04/04/2025,21,-56.11,-35.36
04/04/2025,22,-46.56,-22.41
04/04/2025,23,-45.24,-15.45
04/04/2025,24,-36.7,-3.34
28/04/2025,16,-16.18,17.13
28/04/2025,17,-15.69,22.03
28/04/2025,18,-16.24,-14.87
28/04/2025,19,-23.1,-45.5
28/04/2025,20,-24.6,-66.34
28/04/2025,21,-29.6,-65.23
28/04/2025,22,-29.01,-61.15
28/04/2025,23,-26.33,-57.97
28/04/2025,24,-20.11,-56.62
29/04/2025,1,-19.76,-10.84
29/04/2025,2,-4.77,-48.61
29/04/2025,3,1.68,-14.94
29/04/2025,4,3.16,-21.19
29/04/2025,5,-4.32,-43.95
29/04/2025,6,-13.92,-2.72
29/04/2025,7,-13.89,31.08
29/04/2025,8,-20.13,37.96
29/04/2025,9,-20.61,23.67
29/04/2025,10,-10.55,-10.34
29/04/2025,11,-14.56,6.95
29/04/2025,12,-11,5.35
29/04/2025,13,-9.69,-1.87
29/04/2025,14,-9.39,-4.86
29/04/2025,15,-9.18,-8.4
29/04/2025,16,-6.82,13.57
29/04/2025,17,-13.67,4.21
29/04/2025,18,-13.81,-9.39
29/04/2025,19,-31.67,-39.54
29/04/2025,20,-32.48,-61.12
29/04/2025,21,-42.37,-72.48
29/04/2025,22,-35.35,-72.77
29/04/2025,23,-30.01,-63.62
29/04/2025,24,-31.78,-56.94
30/04/2025,1,-38.22,-55.1
30/04/2025,2,-38.63,-54
30/04/2025,3,-40.12,-53.39
30/04/2025,4,-37.32,-52.07
30/04/2025,5,-37.33,-52.99
30/04/2025,6,-40.6,-47.67
30/04/2025,7,-29.64,33.59
30/04/2025,8,-11.55,24.39
30/04/2025,9,-17.09,-12.51
30/04/2025,10,-19.75,6.43
30/04/2025,11,-19.34,-9.13
30/04/2025,12,-18.91,-10.95
30/04/2025,13,-10.48,-2.86
30/04/2025,14,-8.27,6.59
30/04/2025,15,2.08,18.52
30/04/2025,16,15.4,22.42
30/04/2025,17,18.6,21.55
30/04/2025,18,8,16.2
30/04/2025,19,-8.53,11.1
30/04/2025,20,-30.44,-28
30/04/2025,21,-44.82,-67.8
30/04/2025,22,-39.06,-74.62
30/04/2025,23,-34.98,-81.28
30/04/2025,24,-36.31,-55.34
01/05/2025,1,-31.75,-62.28
01/05/2025,2,-43.68,-55.66
01/05/2025,3,-37.55,-47.95
01/05/2025,4,-25.7,-47.6
01/05/2025,5,-11.04,-29.73
01/05/2025,6,11.93,2.35
01/05/2025,7,27.19,-1.69
01/05/2025,8,22.64,6.25
01/05/2025,9,14.19,14.12
01/05/2025,10,14.02,9.21
01/05/2025,11,15.26,14.36
01/05/2025,12,18.72,14.04
01/05/2025,13,18.47,8.95
01/05/2025,14,16.6,-2.18
01/05/2025,15,13.77,-16.61
01/05/2025,16,20.22,-21.67
01/05/2025,17,16.2,-13.17
01/05/2025,18,16.21,-23.52
01/05/2025,19,25.85,-65.1
01/05/2025,20,24.48,-65.35
01/05/2025,21,21.71,-60.21
01/05/2025,22,34.41,12.35
01/05/2025,23,25.11,17.92
01/05/2025,24,24.06,23.74
25/05/2025,15,9.82,0.1
25/05/2025,16,12.67,-16.24
25/05/2025,17,18.9,-13.69
25/05/2025,18,15.41,-13.74
25/05/2025,19,10.51,-43.03
25/05/2025,20,-21.61,-70.38
25/05/2025,21,-15.59,-67.69
25/05/2025,22,-20.57,-67.16
25/05/2025,23,-11.29,-65.67
25/05/2025,24,-5.28,-48.24
26/05/2025,1,-14.9,-3.24
26/05/2025,2,-22.22,-40.8
26/05/2025,3,-21.47,-19.41
26/05/2025,4,-16.06,32.99
26/05/2025,5,-21.18,31.54
26/05/2025,6,1.1,28.51
26/05/2025,7,-1.94,-9.44
26/05/2025,8,-2.26,-38.14
26/05/2025,9,-8.07,15.84
26/05/2025,10,-16.94,29.72
26/05/2025,11,-4.38,37.93
26/05/2025,12,0.24,38.71
26/05/2025,13,6.97,27.86
26/05/2025,14,14.03,30.66
26/05/2025,15,21.25,35.24
26/05/2025,16,22.4,30.74
26/05/2025,17,17.59,28.16
26/05/2025,18,15.84,4.76
26/05/2025,19,-1.15,-29.16
26/05/2025,20,-27.47,-44.85
26/05/2025,21,-36.24,8.97
26/05/2025,22,-26.27,46.22
26/05/2025,23,-27.03,-36.64
26/05/2025,24,-22.12,-32.97
27/05/2025,1,-3.56,-3.05
27/05/2025,2,-4.57,24.36
27/05/2025,3,-0.37,21.1
27/05/2025,4,0.51,24.67
27/05/2025,5,0.78,27.28
27/05/2025,6,6.14,-1.24
27/05/2025,7,10.01,-44.34
27/05/2025,8,7.7,-61.83
27/05/2025,9,9.51,-59.03
27/05/2025,10,16.51,-49.64
27/05/2025,11,18.75,-28.47
27/05/2025,12,18.38,12.09
27/05/2025,13,23.35,18.82
27/05/2025,14,26.35,21.04
27/05/2025,15,28.05,35.78
27/05/2025,16,33.53,41.52
27/05/2025,17,34.16,45.62
27/05/2025,18,29.84,61.71
27/05/2025,19,19.72,21.43
27/05/2025,20,13.96,-55.4
27/05/2025,21,14.76,108.44
27/05/2025,22,17.5,93.93
27/05/2025,23,22.86,45.21
27/05/2025,24,27.99,35.73
28/05/2025,1,37.92,35.99
28/05/2025,2,31.93,34.14
28/05/2025,3,30.77,34.32
28/05/2025,4,28.72,36.03
28/05/2025,5,28.74,40.17
28/05/2025,6,33.01,51
28/05/2025,7,35.52,39.77
28/05/2025,8,38.44,26.87
28/05/2025,9,41.66,25.97
28/05/2025,10,33.39,22.26
28/05/2025,11,30.12,20.01
28/05/2025,12,29.5,18.3
28/05/2025,13,28.91,18.3
28/05/2025,14,31.35,21.08
28/05/2025,15,30.68,33.56
28/05/2025,16,31.85,45.13
28/05/2025,17,32.01,44.38
28/05/2025,18,36.49,45.53
28/05/2025,19,40,32.81
28/05/2025,20,44.67,47.11
28/05/2025,21,44.72,50.73
28/05/2025,22,40.86,40.42
28/05/2025,23,31.19,31.75
28/05/2025,24,27.78,28.5
21/06/2025,17,8.94,25.39
21/06/2025,18,5.86,24.72
21/06/2025,19,3.54,34
21/06/2025,20,1.96,50.01
21/06/2025,21,-1.93,38.55
21/06/2025,22,13,33.23
21/06/2025,23,25.36,26.73
21/06/2025,24,23.89,24.24
22/06/2025,1,26.49,22.7
22/06/2025,2,24.61,9.6
22/06/2025,3,24.94,16.55
22/06/2025,4,23.86,18.7
22/06/2025,5,23.51,17.28
22/06/2025,6,21.85,17.05
22/06/2025,7,21.45,16.52
22/06/2025,8,17.93,13.33
22/06/2025,9,15.96,1.17
22/06/2025,10,14.4,-2.39
22/06/2025,11,14.13,-6.47
22/06/2025,12,15.35,7.72
22/06/2025,13,13.64,2.13
22/06/2025,14,13.64,-5.86
22/06/2025,15,12.35,-47.66
22/06/2025,16,9.21,-55.5
22/06/2025,17,5.22,-50.56
22/06/2025,18,1.08,-45.29
22/06/2025,19,0.25,-51.21
22/06/2025,20,-2.3,-54.33
22/06/2025,21,0.65,5.33
22/06/2025,22,16.47,16.24
22/06/2025,23,30.65,20.07
22/06/2025,24,27.49,16.75
23/06/2025,1,20.8,15.91
23/06/2025,2,21.92,25.82
23/06/2025,3,21.47,26.03
23/06/2025,4,21.73,25.17
23/06/2025,5,24.1,24.71
23/06/2025,6,26.96,25.48
23/06/2025,7,28.38,25.99
23/06/2025,8,23.46,22.41
23/06/2025,9,18.81,16.99
23/06/2025,10,17.43,16.27
23/06/2025,11,16.75,14.53
23/06/2025,12,15.03,16.1
23/06/2025,13,17.18,18.74
23/06/2025,14,15.54,19.23
23/06/2025,15,13.54,7.1
23/06/2025,16,12.94,-16.04
23/06/2025,17,10.45,-16.63
23/06/2025,18,7.33,-28.25
23/06/2025,19,6.2,-53.8
23/06/2025,20,10.04,-65.47
23/06/2025,21,8.74,-50.49
23/06/2025,22,26.01,-2.47
23/06/2025,23,36.13,25.15
23/06/2025,24,32.62,25.34
24/06/2025,1,23.37,24.25
24/06/2025,2,23.32,21.5
24/06/2025,3,22.24,22.05
24/06/2025,4,22.63,20.83
24/06/2025,5,24.07,21.41
24/06/2025,6,28.25,23.65
24/06/2025,7,31.21,25.18
24/06/2025,8,25.12,21.09
24/06/2025,9,19.4,14.1
24/06/2025,10,17,15.49
24/06/2025,11,18.73,17.35
24/06/2025,12,20.97,17.64
24/06/2025,13,22.58,19.58
24/06/2025,14,25.76,20.36
24/06/2025,15,25.43,28.1
24/06/2025,16,21.72,24.03
24/06/2025,17,20.19,21.83
24/06/2025,18,20.25,9.83
24/06/2025,19,9.9,6.06
24/06/2025,20,15.89,-4.28
24/06/2025,21,31.57,27.76
24/06/2025,22,41.75,36.78
24/06/2025,23,38.07,29.4
24/06/2025,24,30.44,25.57
18/07/2025,16,31.64,27.91
18/07/2025,17,33.25,22.95
18/07/2025,18,26.13,21.98
18/07/2025,19,25.23,18.5
18/07/2025,20,4.12,4.66
18/07/2025,21,-4.48,7.01
18/07/2025,22,-0.2,28.41
18/07/2025,23,4.1,28.72
18/07/2025,24,10.77,25.4
19/07/2025,1,21.68,26.4
19/07/2025,2,22.01,25.14
19/07/2025,3,21.96,25.26
19/07/2025,4,21.95,23.01
19/07/2025,5,21.35,22.08
19/07/2025,6,21.69,22.57
19/07/2025,7,21.36,22.31
19/07/2025,8,19.08,18.4
19/07/2025,9,14.84,16.08
19/07/2025,10,10,12.82
19/07/2025,11,9.89,8.57
19/07/2025,12,3.42,-7.42
19/07/2025,13,2.51,-15.58
19/07/2025,14,2.3,-5.76
19/07/2025,15,-0.37,-24.16
19/07/2025,16,-0.21,-13.89
19/07/2025,17,-2,-4.24
19/07/2025,18,1.52,-12.36
19/07/2025,19,-3.61,-7.28
19/07/2025,20,-11.83,-20.55
19/07/2025,21,-12.71,16.08
19/07/2025,22,-4.23,31.44
19/07/2025,23,-6.57,25.52
19/07/2025,24,1.1,21.63
20/07/2025,1,3.88,16.61
20/07/2025,2,10.31,23.44
20/07/2025,3,16.71,23.11
20/07/2025,4,19.18,20.82
20/07/2025,5,20.42,20.71
20/07/2025,6,20.1,19.87
20/07/2025,7,19.18,17.4
20/07/2025,8,13.33,16.64
20/07/2025,9,5.61,14.85
20/07/2025,10,-1.34,-1.22
20/07/2025,11,-1.22,-15.45
20/07/2025,12,-4.06,-34.12
20/07/2025,13,-4.3,-39.12
20/07/2025,14,-0.71,-39.41
20/07/2025,15,-2.8,-38.08
20/07/2025,16,-1.88,-33.25
20/07/2025,17,-1.7,-35.38
20/07/2025,18,-2.59,-65.01
20/07/2025,19,-11.5,-55.89
20/07/2025,20,-20.86,-40.95
20/07/2025,21,-22.51,-10.14
20/07/2025,22,-14.22,8.94
20/07/2025,23,-8.4,19.56
20/07/2025,24,1.34,4.67
21/07/2025,1,5.95,-5.49
21/07/2025,2,11.65,-3.66
21/07/2025,3,14.94,11.13
21/07/2025,4,14.47,16.18
21/07/2025,5,15.56,27.1
21/07/2025,6,18.77,27.7
21/07/2025,7,19.21,7.29
21/07/2025,8,18.24,26.55
21/07/2025,9,7.75,20.96
21/07/2025,10,0.68,16
21/07/2025,11,3.13,12.46
21/07/2025,12,5.37,16.66
21/07/2025,13,4.25,18.85
21/07/2025,14,5.82,18.47
21/07/2025,15,3.34,15.77
21/07/2025,16,2.47,10.44
21/07/2025,17,-0.04,10.48
21/07/2025,18,-3.62,9.33
21/07/2025,19,-5.61,-10.16
21/07/2025,20,-17.9,-15.52
21/07/2025,21,-17.72,0.98
21/07/2025,22,-8.23,26.8
21/07/2025,23,-1.08,5.87
21/07/2025,24,8.67,8.1
14/08/2025,14,26.15,60.47
14/08/2025,15,25.97,34.95
14/08/2025,16,22.4,44.56
14/08/2025,17,17.23,-19.33
14/08/2025,18,7.16,-12.59
14/08/2025,19,-6.71,-52.33
14/08/2025,20,-45.59,-71.78
14/08/2025,21,-60.14,-59.51
14/08/2025,22,-40.2,15.54
14/08/2025,23,-39.44,35.24
14/08/2025,24,-13.27,30.67
15/08/2025,1,9.38,29.79
15/08/2025,2,14.61,26.87
15/08/2025,3,17.85,25.77
15/08/2025,4,19.15,24.82
15/08/2025,5,20.38,24.44
15/08/2025,6,22.06,31.13
15/08/2025,7,26.63,41.43
15/08/2025,8,25.74,29.84
15/08/2025,9,20.43,20.81
15/08/2025,10,19.66,25.77
15/08/2025,11,22.28,24.83
15/08/2025,12,25.4,36.16
15/08/2025,13,32.52,34.81
15/08/2025,14,38.31,33.29
15/08/2025,15,35.08,49.22
15/08/2025,16,34.8,59.63
15/08/2025,17,23.75,34.69
15/08/2025,18,12.8,36.65
15/08/2025,19,6.23,43.97
15/08/2025,20,4.08,55.04
15/08/2025,21,12.6,52.99
15/08/2025,22,10.81,33.47
15/08/2025,23,14.44,32.55
15/08/2025,24,13.94,30.92
16/08/2025,1,18.83,27.84
16/08/2025,2,21.65,22.8
16/08/2025,3,22.14,22.04
16/08/2025,4,22.5,21.75
16/08/2025,5,23.31,22.35
16/08/2025,6,24.64,27.29
16/08/2025,7,26.79,30.31
16/08/2025,8,24.64,30.05
16/08/2025,9,19.53,22.14
16/08/2025,10,18.47,19.91
16/08/2025,11,11.35,20.15
16/08/2025,12,15.71,22.64
16/08/2025,13,12.16,26.26
16/08/2025,14,14.39,33.05
16/08/2025,15,10.69,40.32
16/08/2025,16,3.27,-1.54
16/08/2025,17,-1.25,-42.61
16/08/2025,18,-6.44,-57.3
16/08/2025,19,-20.69,-63.79
16/08/2025,20,-36.28,-76.09
16/08/2025,21,-25.57,-81.42
16/08/2025,22,-29.27,-35.92
16/08/2025,23,2.33,39.84
16/08/2025,24,11.76,25.1
17/08/2025,1,20.39,36.16
17/08/2025,2,22.41,32.68
17/08/2025,3,24.17,28.86
17/08/2025,4,24.15,25.05
17/08/2025,5,23.65,23.1
17/08/2025,6,22.89,22.36
17/08/2025,7,24.5,22.03
17/08/2025,8,21.83,20.89
17/08/2025,9,17.9,16.54
17/08/2025,10,17.27,15.44
17/08/2025,11,20.32,16.8
17/08/2025,12,25.6,25.59
17/08/2025,13,36.78,42.84
17/08/2025,14,42.76,59.7
17/08/2025,15,39.48,64.41
17/08/2025,16,22.11,63.92
17/08/2025,17,14.45,0.71
17/08/2025,18,10.8,-38.14
17/08/2025,19,-9.82,-52.83
17/08/2025,20,-22.46,-75.81
17/08/2025,21,-37.3,-62.92
17/08/2025,22,3.91,-10.09
17/08/2025,23,21.08,48.39
17/08/2025,24,27.4,36.06
10/09/2025,14,27.28,64.48
10/09/2025,15,27.04,44.78
10/09/2025,16,30.07,31.45
10/09/2025,17,26.49,29.56
10/09/2025,18,23.44,26.69
10/09/2025,19,37.64,47.47
10/09/2025,20,34.16,44.32
10/09/2025,21,28.46,81.96
10/09/2025,22,31.25,39.9
10/09/2025,23,29.96,27.39
10/09/2025,24,27.34,26.14
11/09/2025,1,26.28,25.79
11/09/2025,2,23.25,25.72
11/09/2025,3,22.91,22.32
11/09/2025,4,22.49,20.3
11/09/2025,5,23.08,19.92
11/09/2025,6,25.75,22.61
11/09/2025,7,33.3,28.25
11/09/2025,8,30.79,32.11
11/09/2025,9,20.89,17.75
11/09/2025,10,17.4,18.55
11/09/2025,11,22.17,36.07
11/09/2025,12,24.41,51.18
11/09/2025,13,31.1,47.84
11/09/2025,14,34.87,50.63
11/09/2025,15,32.1,44.23
11/09/2025,16,30.38,34.65
11/09/2025,17,24.07,27.09
11/09/2025,18,25.99,23.12
11/09/2025,19,33.5,-9.21
11/09/2025,20,33.53,-30
11/09/2025,21,40.94,52.29
11/09/2025,22,37.22,33.8
11/09/2025,23,30.25,27.98
11/09/2025,24,28.19,25.03
12/09/2025,1,25.51,23.61
12/09/2025,2,24.26,23.38
12/09/2025,3,22.85,22.86
12/09/2025,4,22.57,22.88
12/09/2025,5,23.28,22.29
12/09/2025,6,24.64,22.57
12/09/2025,7,27.52,24.02
12/09/2025,8,27.23,23.75
12/09/2025,9,20.47,18.59
12/09/2025,10,17.91,19.63
12/09/2025,11,21.37,24
12/09/2025,12,24.65,29.25
12/09/2025,13,26.39,36.61
12/09/2025,14,29.69,30.3
12/09/2025,15,22.61,36.69
12/09/2025,16,17.04,23.15
12/09/2025,17,16.33,21.4
12/09/2025,18,15.21,25.32
12/09/2025,19,18.36,14.54
12/09/2025,20,22.97,-0.67
12/09/2025,21,25.47,46.38
12/09/2025,22,28.08,32.61
12/09/2025,23,28.48,25.07
12/09/2025,24,25.3,22.29
13/09/2025,1,23.98,25.68
13/09/2025,2,23.43,23.56
13/09/2025,3,22.54,22.3
13/09/2025,4,21.95,21.31
13/09/2025,5,21.41,21.93
13/09/2025,6,21.34,22.72
13/09/2025,7,23.27,23.9
13/09/2025,8,23.64,25.3
13/09/2025,9,17.72,17.6
13/09/2025,10,17.87,15.25
13/09/2025,11,20.47,15.49
13/09/2025,12,22.5,14.9
13/09/2025,13,23.97,20.42
13/09/2025,14,25.1,17.47
13/09/2025,15,25.68,19.95
13/09/2025,16,20,22.21
13/09/2025,17,12.78,15.22
13/09/2025,18,8.39,6.13
13/09/2025,19,4.86,-47.19
13/09/2025,20,8.95,-29.08
13/09/2025,21,15.65,57.29
13/09/2025,22,23.18,55.67
13/09/2025,23,27.36,27.87
13/09/2025,24,25.06,23.08
07/10/2025,14,54.06,55.28
07/10/2025,15,53.3,72.44
07/10/2025,16,50.27,54.73
07/10/2025,17,48.87,49.33
07/10/2025,18,38.47,36.65
07/10/2025,19,44.45,14.16
07/10/2025,20,47.83,-5.77
07/10/2025,21,61.62,68.28
07/10/2025,22,48.08,59.06
07/10/2025,23,39.09,38.54
07/10/2025,24,35.31,34.58
08/10/2025,1,29.8,34.79
08/10/2025,2,28.91,35.89
08/10/2025,3,28.41,34.92
08/10/2025,4,27.8,33.9
08/10/2025,5,27.75,36.37
08/10/2025,6,29.43,38.06
08/10/2025,7,33.5,42.06
08/10/2025,8,35.31,45.59
08/10/2025,9,26.22,28.31
08/10/2025,10,22.98,27.73
08/10/2025,11,22.74,32.84
08/10/2025,12,25.73,31.55
08/10/2025,13,32.3,33.64
08/10/2025,14,35.63,28
08/10/2025,15,35.76,28.33
08/10/2025,16,32.68,12.97
08/10/2025,17,29.87,-32.06
08/10/2025,18,32.8,-39.19
08/10/2025,19,41.44,-16.68
08/10/2025,20,46.94,-12.61
08/10/2025,21,72.96,74.8
08/10/2025,22,51.75,55.63
08/10/2025,23,42.11,46.08
08/10/2025,24,34.91,37.67
09/10/2025,1,36.07,39.11
09/10/2025,2,33.02,36.17
09/10/2025,3,31.75,34.19
09/10/2025,4,30.75,32.28
09/10/2025,5,29.62,30.32
09/10/2025,6,31.73,34.3
09/10/2025,7,34.29,40.92
09/10/2025,8,36.05,37.91
09/10/2025,9,25.35,23.99
09/10/2025,10,18.73,23.28
09/10/2025,11,16.23,22.92
09/10/2025,12,17.35,21.37
09/10/2025,13,23.71,22.02
09/10/2025,14,28.35,23.42
09/10/2025,15,27.45,17.04
09/10/2025,16,23.81,9.76
09/10/2025,17,24.11,6.06
09/10/2025,18,27.51,20.88
09/10/2025,19,35.47,38.98
09/10/2025,20,35.2,47.51
09/10/2025,21,46.83,52.85
09/10/2025,22,40.83,39.4
09/10/2025,23,32.44,34.62
09/10/2025,24,29.35,28.89
10/10/2025,1,29.48,28.25
10/10/2025,2,27.55,28.42
10/10/2025,3,26.73,29.56
10/10/2025,4,25.97,29.13
10/10/2025,5,26.22,31.72
10/10/2025,6,28.19,31.91
10/10/2025,7,32.18,42.53
10/10/2025,8,34.37,39.88
10/10/2025,9,23.65,23.22
10/10/2025,10,17.54,19.41
10/10/2025,11,16.87,19.5
10/10/2025,12,19.13,17.77
10/10/2025,13,22.35,23.58
10/10/2025,14,28.39,24.89
10/10/2025,15,29.98,45.35
10/10/2025,16,31.08,36.87
10/10/2025,17,28.5,44.42
10/10/2025,18,28.21,76.84
10/10/2025,19,60.59,142.91
10/10/2025,20,57.17,102.92
10/10/2025,21,44.49,95.56
10/10/2025,22,37.49,53.24
10/10/2025,23,33.49,36.34
10/10/2025,24,29.26,30.52
03/11/2025,13,24.74,19.76
03/11/2025,14,23.78,18.87
03/11/2025,15,22.93,16.76
03/11/2025,16,26.62,15.73
03/11/2025,17,35.89,40.28
03/11/2025,18,74.49,58.23
03/11/2025,19,53.83,28.22
03/11/2025,20,41.05,27.37
03/11/2025,21,36.41,7.51
03/11/2025,22,35.26,26.33
03/11/2025,23,29.62,27.46
03/11/2025,24,25.7,22.59
04/11/2025,1,25.38,23.28
04/11/2025,2,24.02,20.89
04/11/2025,3,23.19,20.24
04/11/2025,4,23.51,21.01
04/11/2025,5,25.24,24.19
04/11/2025,6,31.39,30.09
04/11/2025,7,37.2,38.91
04/11/2025,8,26.78,27.23
04/11/2025,9,12.37,11.26
04/11/2025,10,6.59,7.67
04/11/2025,11,8.88,1.94
04/11/2025,12,11.79,-0.75
04/11/2025,13,15.47,5.49
04/11/2025,14,18.72,13.41
04/11/2025,15,22.57,14.93
04/11/2025,16,26.12,13.69
04/11/2025,17,39.86,37.81
04/11/2025,18,64.24,39.07
04/11/2025,19,48.76,29.96
04/11/2025,20,40.74,28.67
04/11/2025,21,32.51,25.94
04/11/2025,22,25.92,24.3
04/11/2025,23,24.18,20.78
04/11/2025,24,23.71,17.58
05/11/2025,1,14.4,16.9
05/11/2025,2,14.44,16.67
05/11/2025,3,15.91,15.34
05/11/2025,4,17.39,13.82
05/11/2025,5,20.46,18.23
05/11/2025,6,26.16,22.36
05/11/2025,7,31.56,28.93
05/11/2025,8,27.16,24.81
05/11/2025,9,14.74,7.58
05/11/2025,10,15.02,8.19
05/11/2025,11,18.24,15.77
05/11/2025,12,23.83,22.83
05/11/2025,13,29.19,30.27
05/11/2025,14,30.73,34.18
05/11/2025,15,33.35,30.45
05/11/2025,16,40.31,28.85
05/11/2025,17,73.63,85.09
05/11/2025,18,145.81,125.18
05/11/2025,19,78.86,59.96
05/11/2025,20,53.77,26.67
05/11/2025,21,14.29,34.23
05/11/2025,22,13.64,31.24
05/11/2025,23,15.28,33.93
05/11/2025,24,12.6,34.62
06/11/2025,1,14.04,47.34
06/11/2025,2,18.16,64.03
06/11/2025,3,22.36,51.34
06/11/2025,4,28.96,52.74
06/11/2025,5,32.23,54.24
06/11/2025,6,40.74,52.83
06/11/2025,7,52.43,39.02
06/11/2025,8,38.21,39.59
06/11/2025,9,28.65,34.3
06/11/2025,10,29.1,41.7
06/11/2025,11,28.91,39.45
06/11/2025,12,33.1,56.06
06/11/2025,13,36.97,50
06/11/2025,14,45.13,27.76
06/11/2025,15,53.84,27.32
06/11/2025,16,62.57,28.47
06/11/2025,17,91.33,54.93
06/11/2025,18,111.38,53.99
06/11/2025,19,72.78,32.23
06/11/2025,20,35.97,27.97
06/11/2025,21,27.91,23.09
06/11/2025,22,22.68,25.79
06/11/2025,23,21.12,23.72
06/11/2025,24,17.84,11.6
30/11/2025,15,6.93,-49.29
30/11/2025,16,6.22,-40.9
30/11/2025,17,13.45,65.68
30/11/2025,18,16.33,110.82
30/11/2025,19,31.01,113.71
30/11/2025,20,38.22,131.58
30/11/2025,21,44.65,146.38
30/11/2025,22,49.07,130.94
30/11/2025,23,57.66,101.64
30/11/2025,24,56,70.05
01/12/2025,1,43.08,76.11
01/12/2025,2,45.84,70.71
01/12/2025,3,49.97,69.26
01/12/2025,4,49,70.25
01/12/2025,5,56.23,85.43
01/12/2025,6,70.88,136.14
01/12/2025,7,108.31,173.76
01/12/2025,8,109.78,198.9
01/12/2025,9,129.19,136.78
01/12/2025,10,105.4,103.13
01/12/2025,11,94.96,94.4
01/12/2025,12,87.38,93.59
01/12/2025,13,79.94,88.5
01/12/2025,14,73.74,85.49
01/12/2025,15,70.48,62.41
01/12/2025,16,75.49,37.46
01/12/2025,17,96.21,80.48
01/12/2025,18,133.18,150.35
01/12/2025,19,127.35,216.19
01/12/2025,20,116.52,281.48
01/12/2025,21,132.57,456.01
01/12/2025,22,108.56,567.5
01/12/2025,23,99.3,351.73
01/12/2025,24,70.79,235.25
02/12/2025,1,87.32,126.04
02/12/2025,2,81.8,145.19
02/12/2025,3,68.97,154.51
02/12/2025,4,64.09,153.31
02/12/2025,5,81.96,121.55
02/12/2025,6,95.19,9.2
02/12/2025,7,141.16,110.59
02/12/2025,8,111,198.69
02/12/2025,9,81.22,38.05
02/12/2025,10,42.28,28.19
02/12/2025,11,39.21,25.89
02/12/2025,12,34.42,23.26
02/12/2025,13,32.69,18.41
02/12/2025,14,28.91,10.56
02/12/2025,15,26.23,10.62
02/12/2025,16,26.58,16.4
02/12/2025,17,42.36,42.28
02/12/2025,18,59.24,52.34
02/12/2025,19,65.98,48.56
02/12/2025,20,66.5,51.03
02/12/2025,21,56.92,54.87
02/12/2025,22,50.04,50.33
02/12/2025,23,41.04,48.95
02/12/2025,24,37.08,43.15
03/12/2025,1,42.91,41.47
03/12/2025,2,39.02,43.44
03/12/2025,3,41.86,42.91
03/12/2025,4,41.11,38.39
03/12/2025,5,43.62,38.66
03/12/2025,6,57.51,50.33
03/12/2025,7,71.88,63.2
03/12/2025,8,71.96,61.6
03/12/2025,9,54.02,86.36
03/12/2025,10,41.94,77.4
03/12/2025,11,42.37,54.63
03/12/2025,12,40.32,62.5
03/12/2025,13,38.49,63.28
03/12/2025,14,37.78,58.26
03/12/2025,15,36.91,59.68
03/12/2025,16,39.73,61.85
03/12/2025,17,54.06,61.9
03/12/2025,18,60.11,54.09
03/12/2025,19,58.9,43.86
03/12/2025,20,56.97,47.88
03/12/2025,21,50.05,43.13
03/12/2025,22,42.45,40.7
03/12/2025,23,41.74,31.5
03/12/2025,24,38.52,26.83
27/12/2025,14,5.86,1.45
27/12/2025,15,3.44,2.17
27/12/2025,16,3.86,3.13
27/12/2025,17,4.34,15.7
27/12/2025,18,2.31,0.66
27/12/2025,19,-0.81,-5.89
27/12/2025,20,-3.45,7.38
27/12/2025,21,-4.21,12.2
27/12/2025,22,-4.07,12.94
27/12/2025,23,-3.62,11.88
27/12/2025,24,-10.2,7.95
28/12/2025,1,-12.57,7.19
28/12/2025,2,-15,-3.83
28/12/2025,3,-17.21,-2.96
28/12/2025,4,-17.21,7.17
28/12/2025,5,-14.67,11.08
28/12/2025,6,-6.56,-1.46
28/12/2025,7,-2.11,-0.28
28/12/2025,8,2.19,16.76
28/12/2025,9,9.86,17.28
28/12/2025,10,11.42,9.77
28/12/2025,11,8.62,7.89
28/12/2025,12,9.64,4.14
28/12/2025,13,9.93,4.85
28/12/2025,14,10.6,10.3
28/12/2025,15,14.74,9.2
28/12/2025,16,14.74,10.02
28/12/2025,17,19.25,17.61
28/12/2025,18,22.67,20.57
28/12/2025,19,21.1,20.98
28/12/2025,20,20.91,22.25
28/12/2025,21,18.39,25.05
28/12/2025,22,15.76,22.03
28/12/2025,23,16.09,21.2
28/12/2025,24,14.15,20.88
29/12/2025,1,18.16,21.05
29/12/2025,2,19.36,18.82
29/12/2025,3,17.89,19.62
29/12/2025,4,12.08,21.05
29/12/2025,5,-24.75,9.68
29/12/2025,6,-42.85,-16.96
29/12/2025,7,-40.45,-31.37
29/12/2025,8,-32.86,-46.72
29/12/2025,9,-34.1,-52.46
29/12/2025,10,-28.65,-38.04
29/12/2025,11,-28.83,-54.52
29/12/2025,12,-27.45,-57.6
29/12/2025,13,-25.87,-47.25
29/12/2025,14,-27.75,-30.58
29/12/2025,15,-29.2,-35.28
29/12/2025,16,-28.99,-45.99
29/12/2025,17,-34.04,-59.86
29/12/2025,18,-39.18,-51.71
29/12/2025,19,-29.97,7.95
29/12/2025,20,-23.07,18.88
29/12/2025,21,13.11,29.44
29/12/2025,22,23.47,28.98
29/12/2025,23,20.75,23.68
29/12/2025,24,16.58,21.43
30/12/2025,1,21.53,20.49
30/12/2025,2,18.79,18.04
30/12/2025,3,20.34,22.26
30/12/2025,4,22.5,29.02
30/12/2025,5,25.93,32.54
30/12/2025,6,33.59,29.76
30/12/2025,7,46.5,28.78
30/12/2025,8,55,29.38
30/12/2025,9,31.79,22.73
30/12/2025,10,23.74,16.52
30/12/2025,11,19.7,18.33
30/12/2025,12,17.44,16.64
30/12/2025,13,15.05,16.41
30/12/2025,14,13.28,15.64
30/12/2025,15,10.23,16.31
30/12/2025,16,10.64,13.6
30/12/2025,17,23.86,30.01
30/12/2025,18,42.84,38.22
30/12/2025,19,43.4,37.06
30/12/2025,20,38.98,34.58
30/12/2025,21,36.67,35.02
30/12/2025,22,32.44,39.24
30/12/2025,23,30.01,31.41
30/12/2025,24,28.02,26.18
23/01/2026,17,18.59,-2.46
23/01/2026,18,5.64,9.48
23/01/2026,19,9.36,22.59
23/01/2026,20,11.58,22.56
23/01/2026,21,15.91,27.38
23/01/2026,22,18.02,21.77
23/01/2026,23,17.23,10.79
23/01/2026,24,18.16,6.62
24/01/2026,1,16.21,30.39
24/01/2026,2,17.29,30.46
24/01/2026,3,18.37,32.25
24/01/2026,4,20.91,31.62
24/01/2026,5,26.22,36.54
24/01/2026,6,33.71,43.11
24/01/2026,7,40.52,55.63
24/01/2026,8,46.29,65.68
24/01/2026,9,78.01,48.36
24/01/2026,10,114.48,11.69
24/01/2026,11,108.58,43.16
24/01/2026,12,100.3,7.67
24/01/2026,13,111.93,-2.84
24/01/2026,14,96.29,-13.3
24/01/2026,15,96.94,-5.51
24/01/2026,16,99.33,28.7
24/01/2026,17,101.45,82.7
24/01/2026,18,103.03,127.6
24/01/2026,19,98.23,22.12
24/01/2026,20,106.18,-65.93
24/01/2026,21,107.18,-58.89
24/01/2026,22,141.23,-69.24
24/01/2026,23,201.59,-16.38
24/01/2026,24,149.48,-6.03
25/01/2026,1,181.61,94.48
25/01/2026,2,179.28,126.68
25/01/2026,3,174.19,142.9
25/01/2026,4,211.27,72.41
25/01/2026,5,198.23,33.09
25/01/2026,6,281.09,68.65
25/01/2026,7,178.71,67.24
25/01/2026,8,181.72,-4.38
25/01/2026,9,207.36,14.38
25/01/2026,10,192.96,25.91
25/01/2026,11,225.72,39
25/01/2026,12,171.68,39.76
25/01/2026,13,166.07,33.04
25/01/2026,14,163.55,35.47
25/01/2026,15,156.18,17.07
25/01/2026,16,129.16,3.9
25/01/2026,17,140.56,-1.57
25/01/2026,18,199.2,-2.29
25/01/2026,19,281.22,-152.19
25/01/2026,20,259.12,52.19
25/01/2026,21,394.27,342.18
25/01/2026,22,380.62,215.32
25/01/2026,23,573.45,462.81
25/01/2026,24,766.77,331.38
26/01/2026,1,568.85,65.54
26/01/2026,2,494.11,130.12
26/01/2026,3,645.82,-26.68
26/01/2026,4,534.81,-6.72
26/01/2026,5,663.17,10.26
26/01/2026,6,1242.67,-17.93
26/01/2026,7,765.3,13.54
26/01/2026,8,911.38,17.61
26/01/2026,9,1050.57,75.79
26/01/2026,10,266.43,19.02
26/01/2026,11,139.56,4.6
26/01/2026,12,120.68,2.61
26/01/2026,13,114.2,0.56
26/01/2026,14,99.39,-1.08
26/01/2026,15,84.09,-0.84
26/01/2026,16,97.71,-1.84
26/01/2026,17,84.75,14.01
26/01/2026,18,225.27,159.9
26/01/2026,19,323.13,170.46
26/01/2026,20,314.47,157.24
26/01/2026,21,383.21,165.39
26/01/2026,22,432.67,173.68
26/01/2026,23,472.64,122.67
26/01/2026,24,277.8,100.86
19/02/2026,14,24.84,40.15
19/02/2026,15,31.09,70.83
19/02/2026,16,33.42,94.97
19/02/2026,17,32.24,95.72
19/02/2026,18,50.02,51.47
19/02/2026,19,55.71,49.51
19/02/2026,20,57.01,64.86
19/02/2026,21,54.67,71.4
19/02/2026,22,46.97,60.81
19/02/2026,23,35.53,30.47
19/02/2026,24,30.16,27.87
20/02/2026,1,24.85,26.02
20/02/2026,2,23.62,27.44
20/02/2026,3,19.8,25.73
20/02/2026,4,19.14,22.7
20/02/2026,5,19.34,20.14
20/02/2026,6,23.23,22.4
20/02/2026,7,28.57,26.02
20/02/2026,8,29.47,25.79
20/02/2026,9,20.68,19.35
20/02/2026,10,18.76,16.99
20/02/2026,11,17.66,15.85
20/02/2026,12,19.06,16.07
20/02/2026,13,19.71,16.14
20/02/2026,14,23.63,24.93
20/02/2026,15,27.24,44.6
20/02/2026,16,25.11,62.64
20/02/2026,17,29.42,79.31
20/02/2026,18,32.75,59.99
20/02/2026,19,35.8,48.24
20/02/2026,20,31.2,48.98
20/02/2026,21,27.63,60.77
20/02/2026,22,24.78,56.72
20/02/2026,23,21.8,31.82
20/02/2026,24,21.56,30.62
21/02/2026,1,20.71,22.45
21/02/2026,2,20.13,21.91
21/02/2026,3,18.33,19.06
21/02/2026,4,18.39,21.14
21/02/2026,5,18.55,29.58
21/02/2026,6,18.75,21.61
21/02/2026,7,16.93,26.26
21/02/2026,8,15.83,23.22
21/02/2026,9,14.15,27.36
21/02/2026,10,12.12,12.81
21/02/2026,11,11.13,9.92
21/02/2026,12,10.28,6.96
21/02/2026,13,10.16,2.14
21/02/2026,14,7.15,0.8
21/02/2026,15,6.74,2.22
21/02/2026,16,17.78,1.33
21/02/2026,17,27,-0.38
21/02/2026,18,54.07,15.69
21/02/2026,19,63.75,35.62
21/02/2026,20,69.17,34.15
21/02/2026,21,61.05,28.75
21/02/2026,22,50.49,26.34
21/02/2026,23,49.99,22.83
21/02/2026,24,43.41,6.75
22/02/2026,1,30.72,-1.81
22/02/2026,2,29.65,-12.97
22/02/2026,3,19.72,-4.33
22/02/2026,4,18.95,-2.13
22/02/2026,5,22.61,-2.12
22/02/2026,6,17.93,-3.38
22/02/2026,7,27.85,7.87
22/02/2026,8,28.88,7.1
22/02/2026,9,7.1,-2.7
22/02/2026,10,3.29,-11.27
22/02/2026,11,0.04,-8.31
22/02/2026,12,-1.89,-3.44
22/02/2026,13,-2.23,-3.89
22/02/2026,14,-1.61,-4.68
22/02/2026,15,-1.27,-5.06
22/02/2026,16,-1.17,-5.58
22/02/2026,17,3.02,-2.98
22/02/2026,18,25.81,25.62
22/02/2026,19,38.86,41.5
22/02/2026,20,38.74,35.18
22/02/2026,21,38.83,30.37
22/02/2026,22,30.55,28.85
22/02/2026,23,27.02,23.86
22/02/2026,24,23.34,20.98
18/03/2026,14,9.32,9.78
18/03/2026,15,9.2,7.08
18/03/2026,16,12.23,1.89
18/03/2026,17,25.28,1.09
18/03/2026,18,35.41,3.34
18/03/2026,19,80.38,36.45
18/03/2026,20,103.77,42.88
18/03/2026,21,92.37,36.6
18/03/2026,22,65.16,28.2
18/03/2026,23,53.99,22.4
18/03/2026,24,39.84,20.98
19/03/2026,1,22.87,19.29
19/03/2026,2,22.12,16.54
19/03/2026,3,20.26,17
19/03/2026,4,22.52,17.16
19/03/2026,5,24.02,16.43
19/03/2026,6,29.47,20.31
19/03/2026,7,33.05,23.28
19/03/2026,8,33.08,24.25
19/03/2026,9,24.54,10.7
19/03/2026,10,11.71,1.8
19/03/2026,11,10.28,-0.34
19/03/2026,12,16.79,-0.09
19/03/2026,13,19.36,0.14
19/03/2026,14,23.78,1.18
19/03/2026,15,28.12,1.61
19/03/2026,16,27.07,2.79
19/03/2026,17,41.3,1.91
19/03/2026,18,43.7,7.97
19/03/2026,19,81.7,39.65
19/03/2026,20,134.87,80.54
19/03/2026,21,112.37,71.64
19/03/2026,22,81.52,95.65
19/03/2026,23,81.04,87.74
19/03/2026,24,69.93,49.87
20/03/2026,1,29.86,20.11
20/03/2026,2,26.2,18.55
20/03/2026,3,20.82,15.4
20/03/2026,4,19.66,13.53
20/03/2026,5,18.06,14.1
20/03/2026,6,21.19,16
20/03/2026,7,29.09,17.44
20/03/2026,8,31.88,19.04
20/03/2026,9,22.5,10.56
20/03/2026,10,10.15,0.48
20/03/2026,11,10.84,-0.37
20/03/2026,12,12.7,-0.43
20/03/2026,13,15.77,0.75
20/03/2026,14,21.79,8.21
20/03/2026,15,27.51,12.66
20/03/2026,16,37.37,23.89
20/03/2026,17,56.51,81.65
20/03/2026,18,68.54,110.56
20/03/2026,19,117.34,103.64
20/03/2026,20,146.85,103.23
20/03/2026,21,101.21,103
20/03/2026,22,98.55,73.9
20/03/2026,23,82.4,65.3
20/03/2026,24,66.99,55.29
21/03/2026,1,38.53,87.19
21/03/2026,2,35.94,77.81
21/03/2026,3,24.96,74.4
21/03/2026,4,22.89,48.43
21/03/2026,5,21.79,37.4
21/03/2026,6,21.41,70.33
21/03/2026,7,26.5,61.84
21/03/2026,8,26.79,47.51
21/03/2026,9,20.13,15.91
21/03/2026,10,3.95,9.2
21/03/2026,11,4.73,9.94
21/03/2026,12,8.74,4.25
21/03/2026,13,16.11,5.31
21/03/2026,14,24.57,20.19
21/03/2026,15,38.18,74.18
21/03/2026,16,50.5,70.44
21/03/2026,17,47.57,66.88
21/03/2026,18,58.01,69.28
21/03/2026,19,79.25,102.78
21/03/2026,20,96.11,100.48
21/03/2026,21,81.67,102.13
21/03/2026,22,82.15,105.14
21/03/2026,23,80.62,97.45
21/03/2026,24,69.26,81.21
14/04/2026,15,1.43,21.89
14/04/2026,16,-1.81,23.62
14/04/2026,17,1.76,31.21
14/04/2026,18,6.38,30.32
14/04/2026,19,7.05,25.71
14/04/2026,20,1.14,23.48
14/04/2026,21,9.62,19.51
14/04/2026,22,15.12,15.65
14/04/2026,23,12.6,24.58
14/04/2026,24,7.81,5.18
15/04/2026,1,-9,-10.92
15/04/2026,2,-0.87,-12.85
15/04/2026,3,-4.92,-22.79
15/04/2026,4,2.2,-28.12
15/04/2026,5,14.54,7.3
15/04/2026,6,23.14,32.53
15/04/2026,7,31.65,36.36
15/04/2026,8,33.41,34.5
15/04/2026,9,23.33,27.41
15/04/2026,10,11.51,17.33
15/04/2026,11,5.42,12.05
15/04/2026,12,1.78,3.21
15/04/2026,13,3.98,6.28
15/04/2026,14,4.99,12.21
15/04/2026,15,5.54,25.81
15/04/2026,16,9.77,27.57
15/04/2026,17,14.48,35.01
15/04/2026,18,17.15,12.71
15/04/2026,19,21.16,9.15
15/04/2026,20,19.14,14.52
15/04/2026,21,33.21,56.46
15/04/2026,22,39.3,73.66
15/04/2026,23,36.36,46.1
15/04/2026,24,24.29,31.2
16/04/2026,1,30.59,27.66
16/04/2026,2,33.08,24.33
16/04/2026,3,30.66,22.06
16/04/2026,4,27.11,25.43
16/04/2026,5,28.58,27.05
16/04/2026,6,36.01,32.74
16/04/2026,7,39.66,32.83
16/04/2026,8,40.45,26.8
16/04/2026,9,20.05,14.85
16/04/2026,10,14.85,13.82
16/04/2026,11,12.26,13.76
16/04/2026,12,10.71,12.74
16/04/2026,13,12.41,13.2
16/04/2026,14,13.01,8.99
16/04/2026,15,12.95,10.59
16/04/2026,16,10.31,16.48
16/04/2026,17,8.2,22.17
16/04/2026,18,5.37,17.96
16/04/2026,19,9.15,23.17
16/04/2026,20,46.29,26.44
16/04/2026,21,48.06,26.5
16/04/2026,22,46.48,23.66
16/04/2026,23,28.15,16.7
16/04/2026,24,21.18,8.26
17/04/2026,1,10.6,0.02
17/04/2026,2,9.66,-8
17/04/2026,3,9.75,-11.46
17/04/2026,4,8.61,-8.3
17/04/2026,5,13.79,3.5
17/04/2026,6,18.08,19.11
17/04/2026,7,21.52,24.19
17/04/2026,8,16.67,22
17/04/2026,9,9.38,13.38
17/04/2026,10,-0.52,3.41
17/04/2026,11,-2.37,0.55
17/04/2026,12,-0.1,1.06
17/04/2026,13,-0.54,4.48
17/04/2026,14,4.33,7.18
17/04/2026,15,4.63,12.9
17/04/2026,16,6.61,21.24
17/04/2026,17,9.99,23.08
17/04/2026,18,5.84,24.32
17/04/2026,19,4.04,2.07
17/04/2026,20,7.87,-20.73
17/04/2026,21,11.52,-11.8
17/04/2026,22,10.63,-14.88
17/04/2026,23,12.32,-31.89
17/04/2026,24,6.83,-42.15
11/05/2026,13,22.2,15.15
11/05/2026,14,23.79,14.83
11/05/2026,15,27.68,15.12
11/05/2026,16,29.38,15.66
11/05/2026,17,29.95,18.37
11/05/2026,18,38.34,18.74
11/05/2026,19,62.83,40.95
11/05/2026,20,128.64,71.4
11/05/2026,21,134.97,53.54
11/05/2026,22,97.47,37.63
11/05/2026,23,57.06,35.8
11/05/2026,24,36.01,26.63
12/05/2026,1,26,24.62
12/05/2026,2,26.17,24
12/05/2026,3,24.51,21.83
12/05/2026,4,24.06,21.46
12/05/2026,5,22.48,20.34
12/05/2026,6,26.01,22.88
12/05/2026,7,30.62,22.33
12/05/2026,8,23.96,14.31
12/05/2026,9,16.71,9.62
12/05/2026,10,17.17,9.86
12/05/2026,11,18.85,14.33
12/05/2026,12,22.08,17.59
12/05/2026,13,25.25,22.19
12/05/2026,14,28.64,28.48
12/05/2026,15,34.65,36.74
12/05/2026,16,37.04,39.14
12/05/2026,17,44.3,48.5
12/05/2026,18,44.41,57.8
12/05/2026,19,46.24,58.01
12/05/2026,20,73.71,67.72
12/05/2026,21,68.99,48.48
12/05/2026,22,46.93,35.17
12/05/2026,23,31.24,26.92
12/05/2026,24,24.92,23.38
13/05/2026,1,25.63,26.19
13/05/2026,2,22.44,23.42
13/05/2026,3,19.77,22.94
13/05/2026,4,21.07,25.79
13/05/2026,5,21.97,30.27
13/05/2026,6,27.41,34.66
13/05/2026,7,29.23,47.53
13/05/2026,8,20.59,34.48
13/05/2026,9,7.95,16.33
13/05/2026,10,10.62,22.67
13/05/2026,11,14.75,33.3
13/05/2026,12,19.1,42.43
13/05/2026,13,21.42,45.1
13/05/2026,14,26.64,36.83
13/05/2026,15,32.61,51.55
13/05/2026,16,32.95,39.16
13/05/2026,17,30.84,34.04
13/05/2026,18,31.31,36.26
13/05/2026,19,39.29,40.95
13/05/2026,20,60.02,53.2
13/05/2026,21,47.19,66.56
13/05/2026,22,35.95,36.06
13/05/2026,23,24.94,26.1
13/05/2026,24,21.07,21.58
14/05/2026,1,24.68,24.07
14/05/2026,2,25.63,22.1
14/05/2026,3,23.64,21.14
14/05/2026,4,24.73,20.51
14/05/2026,5,26.5,22.76
14/05/2026,6,28.07,34.38
14/05/2026,7,29.3,74.82
14/05/2026,8,23,24.45
14/05/2026,9,14.93,18
14/05/2026,10,13.35,16.19
14/05/2026,11,18.41,13.99
14/05/2026,12,23.31,17.75
14/05/2026,13,28.55,18.47
14/05/2026,14,30.76,17.63
14/05/2026,15,25.83,17.57
14/05/2026,16,22.87,13.87
14/05/2026,17,19.54,11.64
14/05/2026,18,19.15,12.49
14/05/2026,19,21.11,23.1
14/05/2026,20,25.33,37.08
14/05/2026,21,31.53,37.47
14/05/2026,22,29.4,27.98
14/05/2026,23,23.55,19.91
14/05/2026,24,19.5,15.6
07/06/2026,14,19.91,30.71
07/06/2026,15,20.74,32.87
07/06/2026,16,23.38,38.03
07/06/2026,17,23.49,43.62
07/06/2026,18,27.77,49.85
07/06/2026,19,29.5,54.85
07/06/2026,20,31.36,56.17
07/06/2026,21,36.12,48.23
07/06/2026,22,33.72,35.19
07/06/2026,23,33.36,39.07
07/06/2026,24,25.87,28.63
08/06/2026,1,25.55,28.7
08/06/2026,2,23.79,25.53
08/06/2026,3,22.53,24.74
08/06/2026,4,21.13,23.96
08/06/2026,5,22.24,25
08/06/2026,6,24.32,26.06
08/06/2026,7,26.49,26.45
08/06/2026,8,24.19,25.8
08/06/2026,9,20.87,30.33
08/06/2026,10,19.67,27
08/06/2026,11,18.05,19.26
08/06/2026,12,16.4,16.92
08/06/2026,13,16.84,12.15
08/06/2026,14,17.83,10.88
08/06/2026,15,19.06,12.92
08/06/2026,16,20.17,20.99
08/06/2026,17,20.92,19.55
08/06/2026,18,22.87,22.8
08/06/2026,19,28.74,25.8
08/06/2026,20,38.43,34.19
08/06/2026,21,33.85,32.38
08/06/2026,22,31.78,31.13
08/06/2026,23,29.14,31.98
08/06/2026,24,24.99,26.36
09/06/2026,1,26.18,25.48
09/06/2026,2,24.07,24.55
09/06/2026,3,23.94,25.14
09/06/2026,4,23.26,26.29
09/06/2026,5,23.06,26.46
09/06/2026,6,24.66,26.44
09/06/2026,7,26.02,25.61
09/06/2026,8,22.83,22.23
09/06/2026,9,19.99,18.68
09/06/2026,10,18.01,22.2
09/06/2026,11,17.96,21.8
09/06/2026,12,20.95,15.84
09/06/2026,13,23.09,15.55
09/06/2026,14,25.87,20.02
09/06/2026,15,25.58,20.47
09/06/2026,16,27.29,22.42
09/06/2026,17,27.15,18.51
09/06/2026,18,27.4,19.98
09/06/2026,19,30.34,21.52
09/06/2026,20,36.47,44.83
09/06/2026,21,36.09,41.61
09/06/2026,22,37.19,36.03
09/06/2026,23,33.98,34.39
09/06/2026,24,27.16,34.84
10/06/2026,1,27.02,29.49
10/06/2026,2,26.33,27.19
10/06/2026,3,25.75,24.62
10/06/2026,4,23.28,22.77
10/06/2026,5,25.84,22.46
10/06/2026,6,27.26,23.96
10/06/2026,7,28.64,27.9
10/06/2026,8,27.01,23.34
10/06/2026,9,22.04,22.34
10/06/2026,10,21.68,19.38
10/06/2026,11,20.68,15.89
10/06/2026,12,22.8,15.18
10/06/2026,13,28.04,15.21
10/06/2026,14,30.24,16.46
10/06/2026,15,29.96,16.35
10/06/2026,16,27.78,13.27
10/06/2026,17,25.37,16.67
10/06/2026,18,23.97,15.57
10/06/2026,19,28.28,20.49
10/06/2026,20,37.71,34.93
10/06/2026,21,43.99,31.34
10/06/2026,22,27.4,32.04
10/06/2026,23,30.13,30.7
10/06/2026,24,27.87,28.46
04/07/2026,14,23.58,26.32
04/07/2026,15,24.9,24.38
04/07/2026,16,26.97,24.73
04/07/2026,17,28.13,23.29
04/07/2026,18,27.14,26.66
04/07/2026,19,26.54,27.03
04/07/2026,20,25.49,32.89
04/07/2026,21,20.61,23.52
04/07/2026,22,27.52,18.61
04/07/2026,23,29.25,15.12
04/07/2026,24,30.6,26.04
05/07/2026,1,26.53,27.25
05/07/2026,2,25.89,27.07
05/07/2026,3,25.01,26.24
05/07/2026,4,25,24.21
05/07/2026,5,24.78,22.22
05/07/2026,6,25.93,23.47
05/07/2026,7,25.77,22.99
05/07/2026,8,23.4,18.57
05/07/2026,9,19.13,17.94
05/07/2026,10,18.73,17.86
05/07/2026,11,19.25,18.46
05/07/2026,12,21.29,21.64
05/07/2026,13,23.46,30.21
05/07/2026,14,25.91,29.7
05/07/2026,15,28.86,33.01
05/07/2026,16,27.04,30.2
05/07/2026,17,28.84,32.9
05/07/2026,18,29.22,36.81
05/07/2026,19,29.17,32.8
05/07/2026,20,23.85,37.54
05/07/2026,21,6.93,30.82
05/07/2026,22,22.8,25.88
05/07/2026,23,30.01,25.37
05/07/2026,24,31.73,28.28
06/07/2026,1,37.26,31.86
06/07/2026,2,31.82,30.51
06/07/2026,3,31.13,28.67
06/07/2026,4,32.07,27.64
06/07/2026,5,32.41,27.78
06/07/2026,6,35.33,29.01
06/07/2026,7,40.79,29.75
06/07/2026,8,29.96,26.98
06/07/2026,9,23.15,22.1
06/07/2026,10,23.82,23.85
06/07/2026,11,25.38,23.94
06/07/2026,12,24.59,25.86
06/07/2026,13,30.3,29.87
06/07/2026,14,32.84,34.52
06/07/2026,15,33.42,32.43
06/07/2026,16,30.62,35.8
06/07/2026,17,30.81,29.02
06/07/2026,18,28.98,21.22
06/07/2026,19,28.94,1.76
06/07/2026,20,33.23,8.25
06/07/2026,21,36.58,37.49
06/07/2026,22,32.8,43.53
06/07/2026,23,38.1,47.38
06/07/2026,24,33.16,38.85
07/07/2026,1,31.42,38.24
07/07/2026,2,28.74,32.12
07/07/2026,3,26.96,26.58
07/07/2026,4,26.38,30.59
07/07/2026,5,27.64,29.5
07/07/2026,6,29.69,39.38
07/07/2026,7,30.26,40.35
07/07/2026,8,24.23,24.18
07/07/2026,9,18.14,20.86
07/07/2026,10,18.47,23.59
07/07/2026,11,19.16,24.45
07/07/2026,12,22.96,23.84
07/07/2026,13,27.1,30.18
07/07/2026,14,31.89,35.14
07/07/2026,15,30.82,29.29
07/07/2026,16,29.74,28.96
07/07/2026,17,28.08,23.36
07/07/2026,18,28.2,28.25
07/07/2026,19,26.19,29.34
07/07/2026,20,27.29,23.09
07/07/2026,21,28.82,11.65
07/07/2026,22,31.81,23.05
07/07/2026,23,31.64,27.45
07/07/2026,24,27.83,26.72
31/07/2026,13,14.72,7.72
31/07/2026,14,18.76,12.63
31/07/2026,15,21.9,17.06
31/07/2026,16,26.37,17.22
31/07/2026,17,25.51,22.83
31/07/2026,18,21.32,24.07
31/07/2026,19,27.15,18.48
31/07/2026,20,30.9,20.81
31/07/2026,21,19.38,37.1
31/07/2026,22,32.96,34.12
31/07/2026,23,40.71,37.62
31/07/2026,24,25.35,32.42
01/08/2026,1,27.08,30.2
01/08/2026,2,29.84,26.43
01/08/2026,3,30.02,25.87
01/08/2026,4,30.28,27.56
01/08/2026,5,30.82,32.2
01/08/2026,6,30.37,32.27
01/08/2026,7,30.54,35.42
01/08/2026,8,27.98,34.44
01/08/2026,9,21.69,23.41
01/08/2026,10,20.39,24.8
01/08/2026,11,19.85,23.52
01/08/2026,12,21.35,23.94
01/08/2026,13,28.47,20.88
01/08/2026,14,32.89,19.62
01/08/2026,15,37.58,23.23
01/08/2026,16,40.3,24.99
01/08/2026,17,42.54,25.13
01/08/2026,18,42.91,25.98
01/08/2026,19,47.12,37.42
01/08/2026,20,59.44,46.77
01/08/2026,21,44.64,53.04
01/08/2026,22,37.45,41.46
01/08/2026,23,50.72,39.31
01/08/2026,24,34.91,39.67
02/08/2026,1,36.24,40.36
02/08/2026,2,35.37,39.47
02/08/2026,3,35.87,38.25
02/08/2026,4,35.78,36.62
02/08/2026,5,34.96,38
02/08/2026,6,34.32,38.95
02/08/2026,7,35.13,32.71
02/08/2026,8,28.87,30.02
02/08/2026,9,18.77,20.14
02/08/2026,10,19.2,22.83
02/08/2026,11,21.81,23.79
02/08/2026,12,25.86,21.9
02/08/2026,13,30,21.42
02/08/2026,14,40.36,25.76
02/08/2026,15,46.99,29.12
02/08/2026,16,50,27.16
02/08/2026,17,54.57,27.33
02/08/2026,18,54.11,31.12
02/08/2026,19,63.19,43.02
02/08/2026,20,79.89,48.82
02/08/2026,21,76.27,36.48
02/08/2026,22,59.19,35.45
02/08/2026,23,41.98,29.03
02/08/2026,24,32.4,23.73
03/08/2026,1,26.08,22.29
03/08/2026,2,22.89,20.92
03/08/2026,3,21.78,22.29
03/08/2026,4,21,21.81
03/08/2026,5,21.01,23.45
03/08/2026,6,24.27,25.66
03/08/2026,7,22.64,26.17
03/08/2026,8,20.09,20.96
03/08/2026,9,15.68,16.3
03/08/2026,10,16.03,19.62
03/08/2026,11,17.31,24.53
03/08/2026,12,20.28,23.45
03/08/2026,13,24.22,26.49
03/08/2026,14,27.36,23.97
03/08/2026,15,27.32,20.19
03/08/2026,16,27.12,18.34
03/08/2026,17,25.95,17.79
03/08/2026,18,23.62,18.21
03/08/2026,19,29.61,23.9
03/08/2026,20,41.19,33.64
03/08/2026,21,37.37,32.56
03/08/2026,22,32.08,27.96
03/08/2026,23,29.96,23.01
03/08/2026,24,25.94,21.68
06/08/2026,16,24.33,25.77
06/08/2026,17,22.74,22.33
06/08/2026,18,21.22,20.55
06/08/2026,19,25.4,14.58
06/08/2026,20,27.03,17.95
06/08/2026,21,27.92,10.72
06/08/2026,22,31.97,14.06
06/08/2026,23,30.15,17.85
06/08/2026,24,26.2,24.07
07/08/2026,1,27.11,23.96
07/08/2026,2,23.91,24.06
07/08/2026,3,23.39,26.01
07/08/2026,4,21.85,22.84
07/08/2026,5,21.82,23.71
07/08/2026,6,23.78,30.61
07/08/2026,7,26.48,27.18
07/08/2026,8,23.96,21.69
07/08/2026,9,19.17,17.69
07/08/2026,10,16.43,16.12
07/08/2026,11,17.37,16.65
07/08/2026,12,19.58,17.44
07/08/2026,13,22.52,17.57
07/08/2026,14,24.51,29.2
07/08/2026,15,25.89,37.64
07/08/2026,16,25.57,28.5
07/08/2026,17,25.27,18.45
07/08/2026,18,22.51,8.12
07/08/2026,19,24.78,-1.46
07/08/2026,20,28.48,19.29
07/08/2026,21,33.49,23.87
07/08/2026,22,36.03,22.31
07/08/2026,23,38.27,27.1
07/08/2026,24,31.48,29.49
08/08/2026,1,28.41,33.93
08/08/2026,2,26.19,30.08
08/08/2026,3,26.15,26.77
08/08/2026,4,25.07,24.73
08/08/2026,5,25,26.26
08/08/2026,6,25.88,31.68
08/08/2026,7,24.69,27.89
08/08/2026,8,24.53,25.79
08/08/2026,9,18.91,20.61
08/08/2026,10,19.09,21.73
08/08/2026,11,20.7,24.01
08/08/2026,12,25.37,24.25
08/08/2026,13,26.93,33.62
08/08/2026,14,28.48,30.2
08/08/2026,15,29.09,35.51
08/08/2026,16,30.89,41.34
08/08/2026,17,28.22,37.45
08/08/2026,18,25.52,26.01
08/08/2026,19,31.28,14.23
08/08/2026,20,34.11,20.94
08/08/2026,21,36.82,24.54
08/08/2026,22,38.9,30.56
08/08/2026,23,35.75,33.02
08/08/2026,24,29.45,30.97
09/08/2026,1,30.98,31.26
09/08/2026,2,27.99,26.32
09/08/2026,3,25.46,25.27
09/08/2026,4,24.38,24.02
09/08/2026,5,24.32,26.36
09/08/2026,6,24.68,26.26
09/08/2026,7,23.3,26.4
09/08/2026,8,21.13,24.5
09/08/2026,9,16.28,17.96
09/08/2026,10,17.83,25.22
09/08/2026,11,20.55,24.37
09/08/2026,12,22.08,25.61
09/08/2026,13,27.95,24.25
09/08/2026,14,26.37,32.02
09/08/2026,15,27.93,36.65
09/08/2026,16,28.18,36.32
09/08/2026,17,27.76,29.31
09/08/2026,18,26.84,23.05
09/08/2026,19,29.19,22.36
09/08/2026,20,36.66,29.64
09/08/2026,21,39.5,33.05
09/08/2026,22,41.95,36.72
09/08/2026,23,36.72,38.47
09/08/2026,24,30.06,31.46
10/08/2026,1,25.33,27.85
10/08/2026,2,23.74,23.65
10/08/2026,3,22.37,23.1
10/08/2026,4,21.95,21.81
10/08/2026,5,22.32,21.58
10/08/2026,6,24.07,22.6
10/08/2026,7,24.2,23.5
10/08/2026,8,22.62,21.26
10/08/2026,9,18.64,17.43
10/08/2026,10,17.41,18.69
10/08/2026,11,17.55,20.2
10/08/2026,12,18.79,22.16
10/08/2026,13,20.36,23.69
10/08/2026,14,22.68,25.11
10/08/2026,15,24.02,26.72
10/08/2026,16,23.32,22.6
10/08/2026,17,21.23,18.57
10/08/2026,18,20.93,19.32
10/08/2026,19,22.49,18.9
10/08/2026,20,20.58,15.61
10/08/2026,21,22.04,15.2
10/08/2026,22,24.16,18.24
10/08/2026,23,24.68,22.12
10/08/2026,24,23.12,22.44
